ISO-10303-21;
HEADER;
FILE_DESCRIPTION(('CATIA V5 STEP Exchange'),'2;1');

FILE_NAME('C:\\Users\\Administrator\\Documents\\Codex\\2026-08-30\\zhao\\outputs\\DoorRack3_assembly.stp','2026-08-30T18:52:31+00:00',('none'),('none'),'CATIA Version 5 Release 20 GA (IN-10)','CATIA V5 STEP AP203','none');

FILE_SCHEMA(('CONFIG_CONTROL_DESIGN'));

ENDSEC;
/* file written by CATIA V5R20 */
DATA;
#5=PRODUCT('\X2\4EA754C1\X0\1','','',(#2)) ;
#56=PRODUCT('Part1','','',(#2)) ;
#517=PRODUCT('Part2','','',(#2)) ;
#918=PRODUCT('Part3','','',(#2)) ;
#1349=PRODUCT('Part4','','',(#2)) ;
#1705=PRODUCT('Part5','','',(#2)) ;
#2091=PRODUCT('Part6','','',(#2)) ;
#2402=PRODUCT('Part6_1','','',(#2)) ;
#2758=PRODUCT('Part6_2','','',(#2)) ;
#3129=PRODUCT('Part1_1','','',(#2)) ;
#3665=PRODUCT('Part12','','',(#2)) ;
#3991=PRODUCT('Part1_2','','',(#2)) ;
#1=APPLICATION_CONTEXT('configuration controlled 3D design of mechanical parts and assemblies') ;
#17=PRODUCT_DEFINITION('',' ',#6,#3) ;
#19=SECURITY_CLASSIFICATION(' ',' ',#18) ;
#18=SECURITY_CLASSIFICATION_LEVEL('unclassified') ;
#63=CARTESIAN_POINT('Axis2P3D Location',(-17.5,17.5,0.)) ;
#68=CARTESIAN_POINT('Line Origine',(-17.5,0.,920.)) ;
#72=CARTESIAN_POINT('Vertex',(-17.5,17.5,920.)) ;
#74=CARTESIAN_POINT('Vertex',(-17.5,-17.5,920.)) ;
#77=CARTESIAN_POINT('Line Origine',(-17.5,-17.5,460.)) ;
#81=CARTESIAN_POINT('Vertex',(-17.5,-17.5,0.)) ;
#84=CARTESIAN_POINT('Line Origine',(-17.5,0.,0.)) ;
#88=CARTESIAN_POINT('Vertex',(-17.5,17.5,0.)) ;
#91=CARTESIAN_POINT('Line Origine',(-17.5,17.5,460.)) ;
#103=CARTESIAN_POINT('Axis2P3D Location',(17.5,17.5,0.)) ;
#108=CARTESIAN_POINT('Line Origine',(0.,17.5,920.)) ;
#112=CARTESIAN_POINT('Vertex',(17.5,17.5,920.)) ;
#115=CARTESIAN_POINT('Line Origine',(0.,17.5,0.)) ;
#119=CARTESIAN_POINT('Vertex',(17.5,17.5,0.)) ;
#122=CARTESIAN_POINT('Line Origine',(17.5,17.5,460.)) ;
#134=CARTESIAN_POINT('Axis2P3D Location',(0.,0.,920.)) ;
#139=CARTESIAN_POINT('Line Origine',(0.,-20.,920.)) ;
#143=CARTESIAN_POINT('Vertex',(-20.,-20.,920.)) ;
#145=CARTESIAN_POINT('Vertex',(20.,-20.,920.)) ;
#148=CARTESIAN_POINT('Line Origine',(20.,0.,920.)) ;
#152=CARTESIAN_POINT('Vertex',(20.,20.,920.)) ;
#155=CARTESIAN_POINT('Line Origine',(0.,20.,920.)) ;
#159=CARTESIAN_POINT('Vertex',(-20.,20.,920.)) ;
#162=CARTESIAN_POINT('Line Origine',(-20.,0.,920.)) ;
#173=CARTESIAN_POINT('Line Origine',(17.5,0.,920.)) ;
#177=CARTESIAN_POINT('Vertex',(17.5,-17.5,920.)) ;
#180=CARTESIAN_POINT('Line Origine',(0.,-17.5,920.)) ;
#192=CARTESIAN_POINT('Axis2P3D Location',(17.5,-17.5,0.)) ;
#197=CARTESIAN_POINT('Line Origine',(17.5,0.,0.)) ;
#201=CARTESIAN_POINT('Vertex',(17.5,-17.5,0.)) ;
#204=CARTESIAN_POINT('Line Origine',(17.5,-17.5,460.)) ;
#216=CARTESIAN_POINT('Axis2P3D Location',(-20.,-20.,0.)) ;
#221=CARTESIAN_POINT('Line Origine',(-20.,-20.,460.)) ;
#225=CARTESIAN_POINT('Vertex',(-20.,-20.,0.)) ;
#228=CARTESIAN_POINT('Line Origine',(0.,-20.,0.)) ;
#232=CARTESIAN_POINT('Vertex',(20.,-20.,0.)) ;
#235=CARTESIAN_POINT('Line Origine',(20.,-20.,460.)) ;
#247=CARTESIAN_POINT('Axis2P3D Location',(20.,-20.,0.)) ;
#252=CARTESIAN_POINT('Line Origine',(20.,0.,0.)) ;
#256=CARTESIAN_POINT('Vertex',(20.,20.,0.)) ;
#259=CARTESIAN_POINT('Line Origine',(20.,20.,460.)) ;
#271=CARTESIAN_POINT('Axis2P3D Location',(20.,20.,0.)) ;
#276=CARTESIAN_POINT('Line Origine',(0.,20.,0.)) ;
#280=CARTESIAN_POINT('Vertex',(-20.,20.,0.)) ;
#283=CARTESIAN_POINT('Line Origine',(-20.,20.,460.)) ;
#295=CARTESIAN_POINT('Axis2P3D Location',(-20.,20.,0.)) ;
#300=CARTESIAN_POINT('Line Origine',(-20.,0.,0.)) ;
#312=CARTESIAN_POINT('Axis2P3D Location',(-17.5,-17.5,0.)) ;
#317=CARTESIAN_POINT('Line Origine',(0.,-17.5,0.)) ;
#329=CARTESIAN_POINT('Axis2P3D Location',(0.,0.,0.)) ;
#357=CARTESIAN_POINT('NONE',(0.,0.,0.)) ;
#358=CARTESIAN_POINT('NONE',(0.,-460.,780.)) ;
#372=CARTESIAN_POINT('NONE',(0.,0.,0.)) ;
#373=CARTESIAN_POINT('NONE',(240.,-460.,780.)) ;
#387=CARTESIAN_POINT('NONE',(0.,0.,0.)) ;
#388=CARTESIAN_POINT('NONE',(480.,-460.,780.)) ;
#402=CARTESIAN_POINT('NONE',(0.,0.,0.)) ;
#403=CARTESIAN_POINT('NONE',(720.,-460.,780.)) ;
#417=CARTESIAN_POINT('NONE',(0.,0.,0.)) ;
#418=CARTESIAN_POINT('NONE',(960.,-460.,780.)) ;
#432=CARTESIAN_POINT('NONE',(0.,0.,0.)) ;
#433=CARTESIAN_POINT('NONE',(1200.,-460.,780.)) ;
#447=CARTESIAN_POINT('NONE',(0.,0.,0.)) ;
#448=CARTESIAN_POINT('NONE',(1440.,-460.,780.)) ;
#462=CARTESIAN_POINT('NONE',(0.,0.,0.)) ;
#463=CARTESIAN_POINT('NONE',(1680.,-460.,780.)) ;
#477=CARTESIAN_POINT('NONE',(0.,0.,0.)) ;
#478=CARTESIAN_POINT('NONE',(1920.,-460.,780.)) ;
#492=CARTESIAN_POINT('NONE',(0.,0.,0.)) ;
#493=CARTESIAN_POINT('NONE',(2160.,-460.,780.)) ;
#507=CARTESIAN_POINT('NONE',(0.,0.,0.)) ;
#508=CARTESIAN_POINT('NONE',(2400.,-460.,780.)) ;
#524=CARTESIAN_POINT('Axis2P3D Location',(-17.5,17.5,0.)) ;
#529=CARTESIAN_POINT('Line Origine',(-17.5,0.,2360.)) ;
#533=CARTESIAN_POINT('Vertex',(-17.5,17.5,2360.)) ;
#535=CARTESIAN_POINT('Vertex',(-17.5,-17.5,2360.)) ;
#538=CARTESIAN_POINT('Line Origine',(-17.5,-17.5,1180.)) ;
#542=CARTESIAN_POINT('Vertex',(-17.5,-17.5,0.)) ;
#545=CARTESIAN_POINT('Line Origine',(-17.5,0.,0.)) ;
#549=CARTESIAN_POINT('Vertex',(-17.5,17.5,0.)) ;
#552=CARTESIAN_POINT('Line Origine',(-17.5,17.5,1180.)) ;
#564=CARTESIAN_POINT('Axis2P3D Location',(17.5,17.5,0.)) ;
#569=CARTESIAN_POINT('Line Origine',(0.,17.5,2360.)) ;
#573=CARTESIAN_POINT('Vertex',(17.5,17.5,2360.)) ;
#576=CARTESIAN_POINT('Line Origine',(0.,17.5,0.)) ;
#580=CARTESIAN_POINT('Vertex',(17.5,17.5,0.)) ;
#583=CARTESIAN_POINT('Line Origine',(17.5,17.5,1180.)) ;
#595=CARTESIAN_POINT('Axis2P3D Location',(0.,0.,2360.)) ;
#600=CARTESIAN_POINT('Line Origine',(0.,-20.,2360.)) ;
#604=CARTESIAN_POINT('Vertex',(-20.,-20.,2360.)) ;
#606=CARTESIAN_POINT('Vertex',(20.,-20.,2360.)) ;
#609=CARTESIAN_POINT('Line Origine',(20.,0.,2360.)) ;
#613=CARTESIAN_POINT('Vertex',(20.,20.,2360.)) ;
#616=CARTESIAN_POINT('Line Origine',(0.,20.,2360.)) ;
#620=CARTESIAN_POINT('Vertex',(-20.,20.,2360.)) ;
#623=CARTESIAN_POINT('Line Origine',(-20.,0.,2360.)) ;
#634=CARTESIAN_POINT('Line Origine',(17.5,0.,2360.)) ;
#638=CARTESIAN_POINT('Vertex',(17.5,-17.5,2360.)) ;
#641=CARTESIAN_POINT('Line Origine',(0.,-17.5,2360.)) ;
#653=CARTESIAN_POINT('Axis2P3D Location',(17.5,-17.5,0.)) ;
#658=CARTESIAN_POINT('Line Origine',(17.5,0.,0.)) ;
#662=CARTESIAN_POINT('Vertex',(17.5,-17.5,0.)) ;
#665=CARTESIAN_POINT('Line Origine',(17.5,-17.5,1180.)) ;
#677=CARTESIAN_POINT('Axis2P3D Location',(-20.,-20.,0.)) ;
#682=CARTESIAN_POINT('Line Origine',(-20.,-20.,1180.)) ;
#686=CARTESIAN_POINT('Vertex',(-20.,-20.,0.)) ;
#689=CARTESIAN_POINT('Line Origine',(0.,-20.,0.)) ;
#693=CARTESIAN_POINT('Vertex',(20.,-20.,0.)) ;
#696=CARTESIAN_POINT('Line Origine',(20.,-20.,1180.)) ;
#708=CARTESIAN_POINT('Axis2P3D Location',(20.,-20.,0.)) ;
#713=CARTESIAN_POINT('Line Origine',(20.,0.,0.)) ;
#717=CARTESIAN_POINT('Vertex',(20.,20.,0.)) ;
#720=CARTESIAN_POINT('Line Origine',(20.,20.,1180.)) ;
#732=CARTESIAN_POINT('Axis2P3D Location',(20.,20.,0.)) ;
#737=CARTESIAN_POINT('Line Origine',(0.,20.,0.)) ;
#741=CARTESIAN_POINT('Vertex',(-20.,20.,0.)) ;
#744=CARTESIAN_POINT('Line Origine',(-20.,20.,1180.)) ;
#756=CARTESIAN_POINT('Axis2P3D Location',(-20.,20.,0.)) ;
#761=CARTESIAN_POINT('Line Origine',(-20.,0.,0.)) ;
#773=CARTESIAN_POINT('Axis2P3D Location',(-17.5,-17.5,0.)) ;
#778=CARTESIAN_POINT('Line Origine',(0.,-17.5,0.)) ;
#790=CARTESIAN_POINT('Axis2P3D Location',(0.,0.,0.)) ;
#818=CARTESIAN_POINT('NONE',(0.,0.,0.)) ;
#819=CARTESIAN_POINT('NONE',(20.,-480.,780.)) ;
#833=CARTESIAN_POINT('NONE',(0.,0.,0.)) ;
#834=CARTESIAN_POINT('NONE',(20.,-480.,20.)) ;
#848=CARTESIAN_POINT('NONE',(0.,0.,0.)) ;
#849=CARTESIAN_POINT('NONE',(20.,480.,20.)) ;
#863=CARTESIAN_POINT('NONE',(0.,0.,0.)) ;
#864=CARTESIAN_POINT('NONE',(20.,-120.,20.)) ;
#878=CARTESIAN_POINT('NONE',(0.,0.,0.)) ;
#879=CARTESIAN_POINT('NONE',(20.,120.,20.)) ;
#893=CARTESIAN_POINT('NONE',(0.,0.,0.)) ;
#894=CARTESIAN_POINT('NONE',(0.,-460.,20.)) ;
#908=CARTESIAN_POINT('NONE',(0.,0.,0.)) ;
#909=CARTESIAN_POINT('NONE',(2400.,-460.,20.)) ;
#925=CARTESIAN_POINT('Axis2P3D Location',(0.,0.,760.)) ;
#930=CARTESIAN_POINT('Line Origine',(-20.,0.,760.)) ;
#934=CARTESIAN_POINT('Vertex',(-20.,-20.,760.)) ;
#936=CARTESIAN_POINT('Vertex',(-20.,20.,760.)) ;
#939=CARTESIAN_POINT('Line Origine',(0.,-20.,760.)) ;
#943=CARTESIAN_POINT('Vertex',(20.,-20.,760.)) ;
#946=CARTESIAN_POINT('Line Origine',(20.,0.,760.)) ;
#950=CARTESIAN_POINT('Vertex',(20.,20.,760.)) ;
#953=CARTESIAN_POINT('Line Origine',(0.,20.,760.)) ;
#964=CARTESIAN_POINT('Line Origine',(17.5,0.,760.)) ;
#968=CARTESIAN_POINT('Vertex',(17.5,17.5,760.)) ;
#970=CARTESIAN_POINT('Vertex',(17.5,-17.5,760.)) ;
#973=CARTESIAN_POINT('Line Origine',(0.,-17.5,760.)) ;
#977=CARTESIAN_POINT('Vertex',(-17.5,-17.5,760.)) ;
#980=CARTESIAN_POINT('Line Origine',(-17.5,0.,760.)) ;
#984=CARTESIAN_POINT('Vertex',(-17.5,17.5,760.)) ;
#987=CARTESIAN_POINT('Line Origine',(0.,17.5,760.)) ;
#999=CARTESIAN_POINT('Axis2P3D Location',(-20.,-20.,0.)) ;
#1004=CARTESIAN_POINT('Line Origine',(0.,-20.,0.)) ;
#1008=CARTESIAN_POINT('Vertex',(-20.,-20.,0.)) ;
#1010=CARTESIAN_POINT('Vertex',(20.,-20.,0.)) ;
#1013=CARTESIAN_POINT('Line Origine',(20.,-20.,380.)) ;
#1018=CARTESIAN_POINT('Line Origine',(-20.,-20.,380.)) ;
#1030=CARTESIAN_POINT('Axis2P3D Location',(20.,-20.,0.)) ;
#1035=CARTESIAN_POINT('Line Origine',(20.,0.,0.)) ;
#1039=CARTESIAN_POINT('Vertex',(20.,20.,0.)) ;
#1042=CARTESIAN_POINT('Line Origine',(20.,20.,380.)) ;
#1054=CARTESIAN_POINT('Axis2P3D Location',(20.,20.,0.)) ;
#1059=CARTESIAN_POINT('Line Origine',(0.,20.,0.)) ;
#1063=CARTESIAN_POINT('Vertex',(-20.,20.,0.)) ;
#1066=CARTESIAN_POINT('Line Origine',(-20.,20.,380.)) ;
#1078=CARTESIAN_POINT('Axis2P3D Location',(-20.,20.,0.)) ;
#1083=CARTESIAN_POINT('Line Origine',(-20.,0.,0.)) ;
#1095=CARTESIAN_POINT('Axis2P3D Location',(0.,0.,0.)) ;
#1106=CARTESIAN_POINT('Line Origine',(-17.5,0.,0.)) ;
#1110=CARTESIAN_POINT('Vertex',(-17.5,17.5,0.)) ;
#1112=CARTESIAN_POINT('Vertex',(-17.5,-17.5,0.)) ;
#1115=CARTESIAN_POINT('Line Origine',(0.,-17.5,0.)) ;
#1119=CARTESIAN_POINT('Vertex',(17.5,-17.5,0.)) ;
#1122=CARTESIAN_POINT('Line Origine',(17.5,0.,0.)) ;
#1126=CARTESIAN_POINT('Vertex',(17.5,17.5,0.)) ;
#1129=CARTESIAN_POINT('Line Origine',(0.,17.5,0.)) ;
#1141=CARTESIAN_POINT('Axis2P3D Location',(17.5,-17.5,0.)) ;
#1146=CARTESIAN_POINT('Line Origine',(17.5,-17.5,380.)) ;
#1151=CARTESIAN_POINT('Line Origine',(17.5,17.5,380.)) ;
#1163=CARTESIAN_POINT('Axis2P3D Location',(-17.5,-17.5,0.)) ;
#1168=CARTESIAN_POINT('Line Origine',(-17.5,-17.5,380.)) ;
#1180=CARTESIAN_POINT('Axis2P3D Location',(-17.5,17.5,0.)) ;
#1185=CARTESIAN_POINT('Line Origine',(-17.5,17.5,380.)) ;
#1197=CARTESIAN_POINT('Axis2P3D Location',(17.5,17.5,0.)) ;
#1219=CARTESIAN_POINT('NONE',(0.,0.,0.)) ;
#1220=CARTESIAN_POINT('NONE',(240.,480.,40.)) ;
#1234=CARTESIAN_POINT('NONE',(0.,0.,0.)) ;
#1235=CARTESIAN_POINT('NONE',(480.,480.,40.)) ;
#1249=CARTESIAN_POINT('NONE',(0.,0.,0.)) ;
#1250=CARTESIAN_POINT('NONE',(720.,480.,40.)) ;
#1264=CARTESIAN_POINT('NONE',(0.,0.,0.)) ;
#1265=CARTESIAN_POINT('NONE',(960.,480.,40.)) ;
#1279=CARTESIAN_POINT('NONE',(0.,0.,0.)) ;
#1280=CARTESIAN_POINT('NONE',(1200.,480.,40.)) ;
#1294=CARTESIAN_POINT('NONE',(0.,0.,0.)) ;
#1295=CARTESIAN_POINT('NONE',(1440.,480.,40.)) ;
#1309=CARTESIAN_POINT('NONE',(0.,0.,0.)) ;
#1310=CARTESIAN_POINT('NONE',(1680.,480.,40.)) ;
#1324=CARTESIAN_POINT('NONE',(0.,0.,0.)) ;
#1325=CARTESIAN_POINT('NONE',(1920.,480.,40.)) ;
#1339=CARTESIAN_POINT('NONE',(0.,0.,0.)) ;
#1340=CARTESIAN_POINT('NONE',(2160.,480.,40.)) ;
#1356=CARTESIAN_POINT('Axis2P3D Location',(0.,0.,920.)) ;
#1361=CARTESIAN_POINT('Line Origine',(0.,20.,920.)) ;
#1365=CARTESIAN_POINT('Vertex',(20.,20.,920.)) ;
#1367=CARTESIAN_POINT('Vertex',(-20.,20.,920.)) ;
#1370=CARTESIAN_POINT('Line Origine',(-20.,0.,920.)) ;
#1374=CARTESIAN_POINT('Vertex',(-20.,-20.,920.)) ;
#1377=CARTESIAN_POINT('Line Origine',(0.,-20.,920.)) ;
#1381=CARTESIAN_POINT('Vertex',(20.,-20.,920.)) ;
#1384=CARTESIAN_POINT('Line Origine',(20.,0.,920.)) ;
#1395=CARTESIAN_POINT('Line Origine',(0.,-17.5,920.)) ;
#1399=CARTESIAN_POINT('Vertex',(17.5,-17.5,920.)) ;
#1401=CARTESIAN_POINT('Vertex',(-17.5,-17.5,920.)) ;
#1404=CARTESIAN_POINT('Line Origine',(-17.5,0.,920.)) ;
#1408=CARTESIAN_POINT('Vertex',(-17.5,17.5,920.)) ;
#1411=CARTESIAN_POINT('Line Origine',(0.,17.5,920.)) ;
#1415=CARTESIAN_POINT('Vertex',(17.5,17.5,920.)) ;
#1418=CARTESIAN_POINT('Line Origine',(17.5,0.,920.)) ;
#1430=CARTESIAN_POINT('Axis2P3D Location',(-20.,20.,0.)) ;
#1435=CARTESIAN_POINT('Line Origine',(-20.,20.,440.)) ;
#1439=CARTESIAN_POINT('Vertex',(-20.,20.,-40.)) ;
#1442=CARTESIAN_POINT('Line Origine',(-20.,0.,-40.)) ;
#1446=CARTESIAN_POINT('Vertex',(-20.,-20.,-40.)) ;
#1449=CARTESIAN_POINT('Line Origine',(-20.,-20.,440.)) ;
#1461=CARTESIAN_POINT('Axis2P3D Location',(-20.,-20.,0.)) ;
#1466=CARTESIAN_POINT('Line Origine',(0.,-20.,-40.)) ;
#1470=CARTESIAN_POINT('Vertex',(20.,-20.,-40.)) ;
#1473=CARTESIAN_POINT('Line Origine',(20.,-20.,440.)) ;
#1485=CARTESIAN_POINT('Axis2P3D Location',(20.,-20.,0.)) ;
#1490=CARTESIAN_POINT('Line Origine',(20.,20.,440.)) ;
#1494=CARTESIAN_POINT('Vertex',(20.,20.,-40.)) ;
#1497=CARTESIAN_POINT('Line Origine',(20.,0.,-40.)) ;
#1509=CARTESIAN_POINT('Axis2P3D Location',(20.,20.,0.)) ;
#1514=CARTESIAN_POINT('Line Origine',(0.,20.,-40.)) ;
#1526=CARTESIAN_POINT('Axis2P3D Location',(0.,0.,-40.)) ;
#1537=CARTESIAN_POINT('Line Origine',(0.,17.5,-40.)) ;
#1541=CARTESIAN_POINT('Vertex',(-17.5,17.5,-40.)) ;
#1543=CARTESIAN_POINT('Vertex',(17.5,17.5,-40.)) ;
#1546=CARTESIAN_POINT('Line Origine',(-17.5,0.,-40.)) ;
#1550=CARTESIAN_POINT('Vertex',(-17.5,-17.5,-40.)) ;
#1553=CARTESIAN_POINT('Line Origine',(0.,-17.5,-40.)) ;
#1557=CARTESIAN_POINT('Vertex',(17.5,-17.5,-40.)) ;
#1560=CARTESIAN_POINT('Line Origine',(17.5,0.,-40.)) ;
#1572=CARTESIAN_POINT('Axis2P3D Location',(-17.5,-17.5,0.)) ;
#1577=CARTESIAN_POINT('Line Origine',(-17.5,-17.5,440.)) ;
#1582=CARTESIAN_POINT('Line Origine',(17.5,-17.5,440.)) ;
#1594=CARTESIAN_POINT('Axis2P3D Location',(-17.5,17.5,0.)) ;
#1599=CARTESIAN_POINT('Line Origine',(-17.5,17.5,440.)) ;
#1611=CARTESIAN_POINT('Axis2P3D Location',(17.5,17.5,0.)) ;
#1616=CARTESIAN_POINT('Line Origine',(17.5,17.5,440.)) ;
#1628=CARTESIAN_POINT('Axis2P3D Location',(17.5,-17.5,0.)) ;
#1650=CARTESIAN_POINT('NONE',(0.,0.,0.)) ;
#1651=CARTESIAN_POINT('NONE',(0.,-480.,40.)) ;
#1665=CARTESIAN_POINT('NONE',(0.,0.,0.)) ;
#1666=CARTESIAN_POINT('NONE',(0.,480.,40.)) ;
#1680=CARTESIAN_POINT('NONE',(0.,0.,0.)) ;
#1681=CARTESIAN_POINT('NONE',(2400.,-480.,40.)) ;
#1695=CARTESIAN_POINT('NONE',(0.,0.,0.)) ;
#1696=CARTESIAN_POINT('NONE',(2400.,480.,40.)) ;
#1712=CARTESIAN_POINT('Axis2P3D Location',(-22.,0.,0.)) ;
#1717=CARTESIAN_POINT('Line Origine',(-22.,0.,300.)) ;
#1721=CARTESIAN_POINT('Vertex',(-22.,0.,0.)) ;
#1723=CARTESIAN_POINT('Vertex',(-22.,0.,600.)) ;
#1726=CARTESIAN_POINT('Line Origine',(-11.,-15.,0.)) ;
#1730=CARTESIAN_POINT('Vertex',(-3.5527136788E-015,-30.,0.)) ;
#1733=CARTESIAN_POINT('Line Origine',(3.5527136788E-015,-30.,300.)) ;
#1737=CARTESIAN_POINT('Vertex',(-3.5527136788E-015,-30.,600.)) ;
#1740=CARTESIAN_POINT('Line Origine',(-11.,-15.,600.)) ;
#1752=CARTESIAN_POINT('Axis2P3D Location',(0.,-30.,0.)) ;
#1757=CARTESIAN_POINT('Line Origine',(11.,-15.,0.)) ;
#1761=CARTESIAN_POINT('Vertex',(22.,-3.5527136788E-015,0.)) ;
#1764=CARTESIAN_POINT('Line Origine',(22.,-3.5527136788E-015,300.)) ;
#1768=CARTESIAN_POINT('Vertex',(22.,-3.5527136788E-015,600.)) ;
#1771=CARTESIAN_POINT('Line Origine',(11.,-15.,600.)) ;
#1783=CARTESIAN_POINT('Axis2P3D Location',(22.,0.,0.)) ;
#1788=CARTESIAN_POINT('Line Origine',(20.,0.,0.)) ;
#1792=CARTESIAN_POINT('Vertex',(18.,0.,0.)) ;
#1795=CARTESIAN_POINT('Line Origine',(18.,0.,300.)) ;
#1799=CARTESIAN_POINT('Vertex',(18.,0.,600.)) ;
#1802=CARTESIAN_POINT('Line Origine',(20.,0.,600.)) ;
#1814=CARTESIAN_POINT('Axis2P3D Location',(18.,-1.7763568394E-015,0.)) ;
#1819=CARTESIAN_POINT('Line Origine',(9.,-13.,0.)) ;
#1823=CARTESIAN_POINT('Vertex',(1.7763568394E-015,-26.,0.)) ;
#1826=CARTESIAN_POINT('Line Origine',(-3.5527136788E-015,-26.,300.)) ;
#1830=CARTESIAN_POINT('Vertex',(1.7763568394E-015,-26.,600.)) ;
#1833=CARTESIAN_POINT('Line Origine',(9.,-13.,600.)) ;
#1845=CARTESIAN_POINT('Axis2P3D Location',(-1.7763568394E-015,-26.,0.)) ;
#1850=CARTESIAN_POINT('Line Origine',(-9.,-13.,0.)) ;
#1854=CARTESIAN_POINT('Vertex',(-18.,-1.7763568394E-015,0.)) ;
#1857=CARTESIAN_POINT('Line Origine',(-18.,1.06581410364E-014,300.)) ;
#1861=CARTESIAN_POINT('Vertex',(-18.,-1.7763568394E-015,600.)) ;
#1864=CARTESIAN_POINT('Line Origine',(-9.,-13.,600.)) ;
#1876=CARTESIAN_POINT('Line Origine',(-20.,0.,0.)) ;
#1881=CARTESIAN_POINT('Line Origine',(-20.,0.,600.)) ;
#1893=CARTESIAN_POINT('Axis2P3D Location',(0.,0.,0.)) ;
#1907=CARTESIAN_POINT('Axis2P3D Location',(0.,0.,600.)) ;
#1931=CARTESIAN_POINT('NONE',(0.,0.,0.)) ;
#1932=CARTESIAN_POINT('NONE',(120.,-480.,70.)) ;
#1946=CARTESIAN_POINT('NONE',(0.,0.,0.)) ;
#1947=CARTESIAN_POINT('NONE',(360.,-480.,70.)) ;
#1961=CARTESIAN_POINT('NONE',(0.,0.,0.)) ;
#1962=CARTESIAN_POINT('NONE',(600.,-480.,70.)) ;
#1976=CARTESIAN_POINT('NONE',(0.,0.,0.)) ;
#1977=CARTESIAN_POINT('NONE',(840.,-480.,70.)) ;
#1991=CARTESIAN_POINT('NONE',(0.,0.,0.)) ;
#1992=CARTESIAN_POINT('NONE',(1080.,-480.,70.)) ;
#2006=CARTESIAN_POINT('NONE',(0.,0.,0.)) ;
#2007=CARTESIAN_POINT('NONE',(1320.,-480.,70.)) ;
#2021=CARTESIAN_POINT('NONE',(0.,0.,0.)) ;
#2022=CARTESIAN_POINT('NONE',(1560.,-480.,70.)) ;
#2036=CARTESIAN_POINT('NONE',(0.,0.,0.)) ;
#2037=CARTESIAN_POINT('NONE',(1800.,-480.,70.)) ;
#2051=CARTESIAN_POINT('NONE',(0.,0.,0.)) ;
#2052=CARTESIAN_POINT('NONE',(2040.,-480.,70.)) ;
#2066=CARTESIAN_POINT('NONE',(0.,0.,0.)) ;
#2067=CARTESIAN_POINT('NONE',(2280.,-480.,70.)) ;
#2081=CARTESIAN_POINT('NONE',(0.,0.,0.)) ;
#2082=CARTESIAN_POINT('NONE',(20.,420.,20.)) ;
#2098=CARTESIAN_POINT('Axis2P3D Location',(-17.5,17.5,0.)) ;
#2103=CARTESIAN_POINT('Line Origine',(-17.5,0.,320.)) ;
#2107=CARTESIAN_POINT('Vertex',(-17.5,17.5,320.)) ;
#2109=CARTESIAN_POINT('Vertex',(-17.5,-17.5,320.)) ;
#2112=CARTESIAN_POINT('Line Origine',(-17.5,-17.5,160.)) ;
#2116=CARTESIAN_POINT('Vertex',(-17.5,-17.5,0.)) ;
#2119=CARTESIAN_POINT('Line Origine',(-17.5,0.,0.)) ;
#2123=CARTESIAN_POINT('Vertex',(-17.5,17.5,0.)) ;
#2126=CARTESIAN_POINT('Line Origine',(-17.5,17.5,160.)) ;
#2138=CARTESIAN_POINT('Axis2P3D Location',(17.5,17.5,0.)) ;
#2143=CARTESIAN_POINT('Line Origine',(0.,17.5,320.)) ;
#2147=CARTESIAN_POINT('Vertex',(17.5,17.5,320.)) ;
#2150=CARTESIAN_POINT('Line Origine',(0.,17.5,0.)) ;
#2154=CARTESIAN_POINT('Vertex',(17.5,17.5,0.)) ;
#2157=CARTESIAN_POINT('Line Origine',(17.5,17.5,160.)) ;
#2169=CARTESIAN_POINT('Axis2P3D Location',(0.,0.,320.)) ;
#2174=CARTESIAN_POINT('Line Origine',(0.,-20.,320.)) ;
#2178=CARTESIAN_POINT('Vertex',(-20.,-20.,320.)) ;
#2180=CARTESIAN_POINT('Vertex',(20.,-20.,320.)) ;
#2183=CARTESIAN_POINT('Line Origine',(20.,0.,320.)) ;
#2187=CARTESIAN_POINT('Vertex',(20.,20.,320.)) ;
#2190=CARTESIAN_POINT('Line Origine',(0.,20.,320.)) ;
#2194=CARTESIAN_POINT('Vertex',(-20.,20.,320.)) ;
#2197=CARTESIAN_POINT('Line Origine',(-20.,0.,320.)) ;
#2208=CARTESIAN_POINT('Line Origine',(17.5,0.,320.)) ;
#2212=CARTESIAN_POINT('Vertex',(17.5,-17.5,320.)) ;
#2215=CARTESIAN_POINT('Line Origine',(0.,-17.5,320.)) ;
#2227=CARTESIAN_POINT('Axis2P3D Location',(17.5,-17.5,0.)) ;
#2232=CARTESIAN_POINT('Line Origine',(17.5,0.,0.)) ;
#2236=CARTESIAN_POINT('Vertex',(17.5,-17.5,0.)) ;
#2239=CARTESIAN_POINT('Line Origine',(17.5,-17.5,160.)) ;
#2251=CARTESIAN_POINT('Axis2P3D Location',(-20.,-20.,0.)) ;
#2256=CARTESIAN_POINT('Line Origine',(-20.,-20.,160.)) ;
#2260=CARTESIAN_POINT('Vertex',(-20.,-20.,0.)) ;
#2263=CARTESIAN_POINT('Line Origine',(0.,-20.,0.)) ;
#2267=CARTESIAN_POINT('Vertex',(20.,-20.,0.)) ;
#2270=CARTESIAN_POINT('Line Origine',(20.,-20.,160.)) ;
#2282=CARTESIAN_POINT('Axis2P3D Location',(20.,-20.,0.)) ;
#2287=CARTESIAN_POINT('Line Origine',(20.,0.,0.)) ;
#2291=CARTESIAN_POINT('Vertex',(20.,20.,0.)) ;
#2294=CARTESIAN_POINT('Line Origine',(20.,20.,160.)) ;
#2306=CARTESIAN_POINT('Axis2P3D Location',(20.,20.,0.)) ;
#2311=CARTESIAN_POINT('Line Origine',(0.,20.,0.)) ;
#2315=CARTESIAN_POINT('Vertex',(-20.,20.,0.)) ;
#2318=CARTESIAN_POINT('Line Origine',(-20.,20.,160.)) ;
#2330=CARTESIAN_POINT('Axis2P3D Location',(-20.,20.,0.)) ;
#2335=CARTESIAN_POINT('Line Origine',(-20.,0.,0.)) ;
#2347=CARTESIAN_POINT('Axis2P3D Location',(-17.5,-17.5,0.)) ;
#2352=CARTESIAN_POINT('Line Origine',(0.,-17.5,0.)) ;
#2364=CARTESIAN_POINT('Axis2P3D Location',(0.,0.,0.)) ;
#2392=CARTESIAN_POINT('NONE',(0.,0.,0.)) ;
#2393=CARTESIAN_POINT('NONE',(700.,-460.,20.)) ;
#2409=CARTESIAN_POINT('Axis2P3D Location',(-17.5,17.5,0.)) ;
#2414=CARTESIAN_POINT('Line Origine',(-17.5,0.,260.)) ;
#2418=CARTESIAN_POINT('Vertex',(-17.5,17.5,260.)) ;
#2420=CARTESIAN_POINT('Vertex',(-17.5,-17.5,260.)) ;
#2423=CARTESIAN_POINT('Line Origine',(-17.5,-17.5,130.)) ;
#2427=CARTESIAN_POINT('Vertex',(-17.5,-17.5,0.)) ;
#2430=CARTESIAN_POINT('Line Origine',(-17.5,0.,0.)) ;
#2434=CARTESIAN_POINT('Vertex',(-17.5,17.5,0.)) ;
#2437=CARTESIAN_POINT('Line Origine',(-17.5,17.5,130.)) ;
#2449=CARTESIAN_POINT('Axis2P3D Location',(17.5,17.5,0.)) ;
#2454=CARTESIAN_POINT('Line Origine',(0.,17.5,260.)) ;
#2458=CARTESIAN_POINT('Vertex',(17.5,17.5,260.)) ;
#2461=CARTESIAN_POINT('Line Origine',(0.,17.5,0.)) ;
#2465=CARTESIAN_POINT('Vertex',(17.5,17.5,0.)) ;
#2468=CARTESIAN_POINT('Line Origine',(17.5,17.5,130.)) ;
#2480=CARTESIAN_POINT('Axis2P3D Location',(0.,0.,260.)) ;
#2485=CARTESIAN_POINT('Line Origine',(0.,-20.,260.)) ;
#2489=CARTESIAN_POINT('Vertex',(-20.,-20.,260.)) ;
#2491=CARTESIAN_POINT('Vertex',(20.,-20.,260.)) ;
#2494=CARTESIAN_POINT('Line Origine',(20.,0.,260.)) ;
#2498=CARTESIAN_POINT('Vertex',(20.,20.,260.)) ;
#2501=CARTESIAN_POINT('Line Origine',(0.,20.,260.)) ;
#2505=CARTESIAN_POINT('Vertex',(-20.,20.,260.)) ;
#2508=CARTESIAN_POINT('Line Origine',(-20.,0.,260.)) ;
#2519=CARTESIAN_POINT('Line Origine',(17.5,0.,260.)) ;
#2523=CARTESIAN_POINT('Vertex',(17.5,-17.5,260.)) ;
#2526=CARTESIAN_POINT('Line Origine',(0.,-17.5,260.)) ;
#2538=CARTESIAN_POINT('Axis2P3D Location',(17.5,-17.5,0.)) ;
#2543=CARTESIAN_POINT('Line Origine',(17.5,0.,0.)) ;
#2547=CARTESIAN_POINT('Vertex',(17.5,-17.5,0.)) ;
#2550=CARTESIAN_POINT('Line Origine',(17.5,-17.5,130.)) ;
#2562=CARTESIAN_POINT('Axis2P3D Location',(-20.,-20.,0.)) ;
#2567=CARTESIAN_POINT('Line Origine',(-20.,-20.,130.)) ;
#2571=CARTESIAN_POINT('Vertex',(-20.,-20.,0.)) ;
#2574=CARTESIAN_POINT('Line Origine',(0.,-20.,0.)) ;
#2578=CARTESIAN_POINT('Vertex',(20.,-20.,0.)) ;
#2581=CARTESIAN_POINT('Line Origine',(20.,-20.,130.)) ;
#2593=CARTESIAN_POINT('Axis2P3D Location',(20.,-20.,0.)) ;
#2598=CARTESIAN_POINT('Line Origine',(20.,0.,0.)) ;
#2602=CARTESIAN_POINT('Vertex',(20.,20.,0.)) ;
#2605=CARTESIAN_POINT('Line Origine',(20.,20.,130.)) ;
#2617=CARTESIAN_POINT('Axis2P3D Location',(20.,20.,0.)) ;
#2622=CARTESIAN_POINT('Line Origine',(0.,20.,0.)) ;
#2626=CARTESIAN_POINT('Vertex',(-20.,20.,0.)) ;
#2629=CARTESIAN_POINT('Line Origine',(-20.,20.,130.)) ;
#2641=CARTESIAN_POINT('Axis2P3D Location',(-20.,20.,0.)) ;
#2646=CARTESIAN_POINT('Line Origine',(-20.,0.,0.)) ;
#2658=CARTESIAN_POINT('Axis2P3D Location',(-17.5,-17.5,0.)) ;
#2663=CARTESIAN_POINT('Line Origine',(0.,-17.5,0.)) ;
#2675=CARTESIAN_POINT('Axis2P3D Location',(0.,0.,0.)) ;
#2703=CARTESIAN_POINT('NONE',(0.,0.,0.)) ;
#2704=CARTESIAN_POINT('NONE',(700.,140.,20.)) ;
#2718=CARTESIAN_POINT('NONE',(0.,0.,0.)) ;
#2719=CARTESIAN_POINT('NONE',(1200.,-460.,20.)) ;
#2733=CARTESIAN_POINT('NONE',(0.,0.,0.)) ;
#2734=CARTESIAN_POINT('NONE',(1200.,140.,20.)) ;
#2748=CARTESIAN_POINT('NONE',(0.,0.,0.)) ;
#2749=CARTESIAN_POINT('NONE',(1700.,-460.,20.)) ;
#2765=CARTESIAN_POINT('Axis2P3D Location',(-17.5,17.5,0.)) ;
#2770=CARTESIAN_POINT('Line Origine',(-17.5,0.,200.)) ;
#2774=CARTESIAN_POINT('Vertex',(-17.5,17.5,200.)) ;
#2776=CARTESIAN_POINT('Vertex',(-17.5,-17.5,200.)) ;
#2779=CARTESIAN_POINT('Line Origine',(-17.5,-17.5,100.)) ;
#2783=CARTESIAN_POINT('Vertex',(-17.5,-17.5,0.)) ;
#2786=CARTESIAN_POINT('Line Origine',(-17.5,0.,0.)) ;
#2790=CARTESIAN_POINT('Vertex',(-17.5,17.5,0.)) ;
#2793=CARTESIAN_POINT('Line Origine',(-17.5,17.5,100.)) ;
#2805=CARTESIAN_POINT('Axis2P3D Location',(17.5,17.5,0.)) ;
#2810=CARTESIAN_POINT('Line Origine',(0.,17.5,200.)) ;
#2814=CARTESIAN_POINT('Vertex',(17.5,17.5,200.)) ;
#2817=CARTESIAN_POINT('Line Origine',(0.,17.5,0.)) ;
#2821=CARTESIAN_POINT('Vertex',(17.5,17.5,0.)) ;
#2824=CARTESIAN_POINT('Line Origine',(17.5,17.5,100.)) ;
#2836=CARTESIAN_POINT('Axis2P3D Location',(0.,0.,200.)) ;
#2841=CARTESIAN_POINT('Line Origine',(0.,-20.,200.)) ;
#2845=CARTESIAN_POINT('Vertex',(-20.,-20.,200.)) ;
#2847=CARTESIAN_POINT('Vertex',(20.,-20.,200.)) ;
#2850=CARTESIAN_POINT('Line Origine',(20.,0.,200.)) ;
#2854=CARTESIAN_POINT('Vertex',(20.,20.,200.)) ;
#2857=CARTESIAN_POINT('Line Origine',(0.,20.,200.)) ;
#2861=CARTESIAN_POINT('Vertex',(-20.,20.,200.)) ;
#2864=CARTESIAN_POINT('Line Origine',(-20.,0.,200.)) ;
#2875=CARTESIAN_POINT('Line Origine',(17.5,0.,200.)) ;
#2879=CARTESIAN_POINT('Vertex',(17.5,-17.5,200.)) ;
#2882=CARTESIAN_POINT('Line Origine',(0.,-17.5,200.)) ;
#2894=CARTESIAN_POINT('Axis2P3D Location',(17.5,-17.5,0.)) ;
#2899=CARTESIAN_POINT('Line Origine',(17.5,0.,0.)) ;
#2903=CARTESIAN_POINT('Vertex',(17.5,-17.5,0.)) ;
#2906=CARTESIAN_POINT('Line Origine',(17.5,-17.5,100.)) ;
#2918=CARTESIAN_POINT('Axis2P3D Location',(-20.,-20.,0.)) ;
#2923=CARTESIAN_POINT('Line Origine',(-20.,-20.,100.)) ;
#2927=CARTESIAN_POINT('Vertex',(-20.,-20.,0.)) ;
#2930=CARTESIAN_POINT('Line Origine',(0.,-20.,0.)) ;
#2934=CARTESIAN_POINT('Vertex',(20.,-20.,0.)) ;
#2937=CARTESIAN_POINT('Line Origine',(20.,-20.,100.)) ;
#2949=CARTESIAN_POINT('Axis2P3D Location',(20.,-20.,0.)) ;
#2954=CARTESIAN_POINT('Line Origine',(20.,0.,0.)) ;
#2958=CARTESIAN_POINT('Vertex',(20.,20.,0.)) ;
#2961=CARTESIAN_POINT('Line Origine',(20.,20.,100.)) ;
#2973=CARTESIAN_POINT('Axis2P3D Location',(20.,20.,0.)) ;
#2978=CARTESIAN_POINT('Line Origine',(0.,20.,0.)) ;
#2982=CARTESIAN_POINT('Vertex',(-20.,20.,0.)) ;
#2985=CARTESIAN_POINT('Line Origine',(-20.,20.,100.)) ;
#2997=CARTESIAN_POINT('Axis2P3D Location',(-20.,20.,0.)) ;
#3002=CARTESIAN_POINT('Line Origine',(-20.,0.,0.)) ;
#3014=CARTESIAN_POINT('Axis2P3D Location',(-17.5,-17.5,0.)) ;
#3019=CARTESIAN_POINT('Line Origine',(0.,-17.5,0.)) ;
#3031=CARTESIAN_POINT('Axis2P3D Location',(0.,0.,0.)) ;
#3059=CARTESIAN_POINT('NONE',(0.,0.,0.)) ;
#3060=CARTESIAN_POINT('NONE',(1500.,-100.,20.)) ;
#3074=CARTESIAN_POINT('NONE',(0.,0.,0.)) ;
#3075=CARTESIAN_POINT('NONE',(1700.,140.,20.)) ;
#3089=CARTESIAN_POINT('NONE',(0.,0.,0.)) ;
#3090=CARTESIAN_POINT('NONE',(2200.,-460.,20.)) ;
#3104=CARTESIAN_POINT('NONE',(0.,0.,0.)) ;
#3105=CARTESIAN_POINT('NONE',(2100.,-100.,20.)) ;
#3119=CARTESIAN_POINT('NONE',(0.,0.,0.)) ;
#3120=CARTESIAN_POINT('NONE',(2200.,140.,20.)) ;
#3136=CARTESIAN_POINT('Axis2P3D Location',(-16.,16.,0.)) ;
#3141=CARTESIAN_POINT('Line Origine',(-16.,0.,150.)) ;
#3145=CARTESIAN_POINT('Vertex',(-16.,16.,150.)) ;
#3147=CARTESIAN_POINT('Vertex',(-16.,-16.,150.)) ;
#3150=CARTESIAN_POINT('Line Origine',(-16.,-16.,75.)) ;
#3154=CARTESIAN_POINT('Vertex',(-16.,-16.,0.)) ;
#3157=CARTESIAN_POINT('Line Origine',(-16.,0.,0.)) ;
#3161=CARTESIAN_POINT('Vertex',(-16.,16.,0.)) ;
#3164=CARTESIAN_POINT('Line Origine',(-16.,16.,75.)) ;
#3176=CARTESIAN_POINT('Axis2P3D Location',(16.,16.,0.)) ;
#3181=CARTESIAN_POINT('Line Origine',(0.,16.,150.)) ;
#3185=CARTESIAN_POINT('Vertex',(16.,16.,150.)) ;
#3188=CARTESIAN_POINT('Line Origine',(0.,16.,0.)) ;
#3192=CARTESIAN_POINT('Vertex',(16.,16.,0.)) ;
#3195=CARTESIAN_POINT('Line Origine',(16.,16.,75.)) ;
#3207=CARTESIAN_POINT('Axis2P3D Location',(0.,0.,150.)) ;
#3212=CARTESIAN_POINT('Line Origine',(0.,-20.,150.)) ;
#3216=CARTESIAN_POINT('Vertex',(-20.,-20.,150.)) ;
#3218=CARTESIAN_POINT('Vertex',(20.,-20.,150.)) ;
#3221=CARTESIAN_POINT('Line Origine',(20.,0.,150.)) ;
#3225=CARTESIAN_POINT('Vertex',(20.,20.,150.)) ;
#3228=CARTESIAN_POINT('Line Origine',(0.,20.,150.)) ;
#3232=CARTESIAN_POINT('Vertex',(-20.,20.,150.)) ;
#3235=CARTESIAN_POINT('Line Origine',(-20.,0.,150.)) ;
#3246=CARTESIAN_POINT('Line Origine',(16.,0.,150.)) ;
#3250=CARTESIAN_POINT('Vertex',(16.,-16.,150.)) ;
#3253=CARTESIAN_POINT('Line Origine',(0.,-16.,150.)) ;
#3265=CARTESIAN_POINT('Axis2P3D Location',(16.,-16.,0.)) ;
#3270=CARTESIAN_POINT('Line Origine',(16.,0.,0.)) ;
#3274=CARTESIAN_POINT('Vertex',(16.,-16.,0.)) ;
#3277=CARTESIAN_POINT('Line Origine',(16.,-16.,75.)) ;
#3289=CARTESIAN_POINT('Axis2P3D Location',(-20.,-20.,0.)) ;
#3294=CARTESIAN_POINT('Line Origine',(-20.,-20.,75.)) ;
#3298=CARTESIAN_POINT('Vertex',(-20.,-20.,0.)) ;
#3301=CARTESIAN_POINT('Line Origine',(0.,-20.,0.)) ;
#3305=CARTESIAN_POINT('Vertex',(20.,-20.,0.)) ;
#3308=CARTESIAN_POINT('Line Origine',(20.,-20.,75.)) ;
#3320=CARTESIAN_POINT('Axis2P3D Location',(20.,-20.,0.)) ;
#3325=CARTESIAN_POINT('Line Origine',(20.,0.,0.)) ;
#3329=CARTESIAN_POINT('Vertex',(20.,20.,0.)) ;
#3332=CARTESIAN_POINT('Line Origine',(20.,20.,75.)) ;
#3344=CARTESIAN_POINT('Axis2P3D Location',(20.,20.,0.)) ;
#3349=CARTESIAN_POINT('Line Origine',(0.,20.,0.)) ;
#3353=CARTESIAN_POINT('Vertex',(-20.,20.,0.)) ;
#3356=CARTESIAN_POINT('Line Origine',(-20.,20.,75.)) ;
#3368=CARTESIAN_POINT('Axis2P3D Location',(-20.,20.,0.)) ;
#3373=CARTESIAN_POINT('Line Origine',(-20.,0.,0.)) ;
#3385=CARTESIAN_POINT('Axis2P3D Location',(-16.,-16.,0.)) ;
#3390=CARTESIAN_POINT('Line Origine',(0.,-16.,0.)) ;
#3402=CARTESIAN_POINT('Axis2P3D Location',(0.,0.,0.)) ;
#3430=CARTESIAN_POINT('NONE',(0.,0.,0.)) ;
#3431=CARTESIAN_POINT('NONE',(700.,-480.,-150.)) ;
#3445=CARTESIAN_POINT('NONE',(0.,0.,0.)) ;
#3446=CARTESIAN_POINT('NONE',(1200.,-480.,-150.)) ;
#3460=CARTESIAN_POINT('NONE',(0.,0.,0.)) ;
#3461=CARTESIAN_POINT('NONE',(1700.,-480.,-150.)) ;
#3475=CARTESIAN_POINT('NONE',(0.,0.,0.)) ;
#3476=CARTESIAN_POINT('NONE',(2200.,-480.,-150.)) ;
#3490=CARTESIAN_POINT('NONE',(0.,0.,0.)) ;
#3491=CARTESIAN_POINT('NONE',(700.,-120.,-150.)) ;
#3505=CARTESIAN_POINT('NONE',(0.,0.,0.)) ;
#3506=CARTESIAN_POINT('NONE',(1200.,-120.,-150.)) ;
#3520=CARTESIAN_POINT('NONE',(0.,0.,0.)) ;
#3521=CARTESIAN_POINT('NONE',(1700.,-120.,-150.)) ;
#3535=CARTESIAN_POINT('NONE',(0.,0.,0.)) ;
#3536=CARTESIAN_POINT('NONE',(2200.,-120.,-150.)) ;
#3550=CARTESIAN_POINT('NONE',(0.,0.,0.)) ;
#3551=CARTESIAN_POINT('NONE',(700.,120.,-150.)) ;
#3565=CARTESIAN_POINT('NONE',(0.,0.,0.)) ;
#3566=CARTESIAN_POINT('NONE',(1200.,120.,-150.)) ;
#3580=CARTESIAN_POINT('NONE',(0.,0.,0.)) ;
#3581=CARTESIAN_POINT('NONE',(1700.,120.,-150.)) ;
#3595=CARTESIAN_POINT('NONE',(0.,0.,0.)) ;
#3596=CARTESIAN_POINT('NONE',(2200.,120.,-150.)) ;
#3610=CARTESIAN_POINT('NONE',(0.,0.,0.)) ;
#3611=CARTESIAN_POINT('NONE',(700.,420.,-150.)) ;
#3625=CARTESIAN_POINT('NONE',(0.,0.,0.)) ;
#3626=CARTESIAN_POINT('NONE',(1200.,420.,-150.)) ;
#3640=CARTESIAN_POINT('NONE',(0.,0.,0.)) ;
#3641=CARTESIAN_POINT('NONE',(1700.,420.,-150.)) ;
#3655=CARTESIAN_POINT('NONE',(0.,0.,0.)) ;
#3656=CARTESIAN_POINT('NONE',(2200.,420.,-150.)) ;
#3672=CARTESIAN_POINT('Axis2P3D Location',(0.,-17.,73.5)) ;
#3677=CARTESIAN_POINT('Line Origine',(250.,-17.,0.)) ;
#3681=CARTESIAN_POINT('Vertex',(250.,-17.,73.5)) ;
#3683=CARTESIAN_POINT('Vertex',(250.,-17.,-73.5)) ;
#3686=CARTESIAN_POINT('Line Origine',(125.,-17.,-73.5)) ;
#3690=CARTESIAN_POINT('Vertex',(0.,-17.,-73.5)) ;
#3693=CARTESIAN_POINT('Line Origine',(0.,-17.,0.)) ;
#3697=CARTESIAN_POINT('Vertex',(0.,-17.,73.5)) ;
#3700=CARTESIAN_POINT('Line Origine',(125.,-17.,73.5)) ;
#3712=CARTESIAN_POINT('Axis2P3D Location',(0.,17.,73.5)) ;
#3717=CARTESIAN_POINT('Line Origine',(250.,0.,73.5)) ;
#3721=CARTESIAN_POINT('Vertex',(250.,17.,73.5)) ;
#3724=CARTESIAN_POINT('Line Origine',(0.,0.,73.5)) ;
#3728=CARTESIAN_POINT('Vertex',(0.,17.,73.5)) ;
#3731=CARTESIAN_POINT('Line Origine',(125.,17.,73.5)) ;
#3743=CARTESIAN_POINT('Axis2P3D Location',(250.,0.,0.)) ;
#3748=CARTESIAN_POINT('Line Origine',(250.,0.,-76.5)) ;
#3752=CARTESIAN_POINT('Vertex',(250.,-20.,-76.5)) ;
#3754=CARTESIAN_POINT('Vertex',(250.,20.,-76.5)) ;
#3757=CARTESIAN_POINT('Line Origine',(250.,20.,0.)) ;
#3761=CARTESIAN_POINT('Vertex',(250.,20.,76.5)) ;
#3764=CARTESIAN_POINT('Line Origine',(250.,0.,76.5)) ;
#3768=CARTESIAN_POINT('Vertex',(250.,-20.,76.5)) ;
#3771=CARTESIAN_POINT('Line Origine',(250.,-20.,0.)) ;
#3782=CARTESIAN_POINT('Line Origine',(250.,17.,0.)) ;
#3786=CARTESIAN_POINT('Vertex',(250.,17.,-73.5)) ;
#3789=CARTESIAN_POINT('Line Origine',(250.,0.,-73.5)) ;
#3801=CARTESIAN_POINT('Axis2P3D Location',(0.,17.,-73.5)) ;
#3806=CARTESIAN_POINT('Line Origine',(0.,17.,0.)) ;
#3810=CARTESIAN_POINT('Vertex',(0.,17.,-73.5)) ;
#3813=CARTESIAN_POINT('Line Origine',(125.,17.,-73.5)) ;
#3825=CARTESIAN_POINT('Axis2P3D Location',(0.,-20.,-76.5)) ;
#3830=CARTESIAN_POINT('Line Origine',(125.,-20.,-76.5)) ;
#3834=CARTESIAN_POINT('Vertex',(0.,-20.,-76.5)) ;
#3837=CARTESIAN_POINT('Line Origine',(0.,0.,-76.5)) ;
#3841=CARTESIAN_POINT('Vertex',(0.,20.,-76.5)) ;
#3844=CARTESIAN_POINT('Line Origine',(125.,20.,-76.5)) ;
#3856=CARTESIAN_POINT('Axis2P3D Location',(0.,20.,-76.5)) ;
#3861=CARTESIAN_POINT('Line Origine',(0.,20.,0.)) ;
#3865=CARTESIAN_POINT('Vertex',(0.,20.,76.5)) ;
#3868=CARTESIAN_POINT('Line Origine',(125.,20.,76.5)) ;
#3880=CARTESIAN_POINT('Axis2P3D Location',(0.,20.,76.5)) ;
#3885=CARTESIAN_POINT('Line Origine',(0.,0.,76.5)) ;
#3889=CARTESIAN_POINT('Vertex',(0.,-20.,76.5)) ;
#3892=CARTESIAN_POINT('Line Origine',(125.,-20.,76.5)) ;
#3904=CARTESIAN_POINT('Axis2P3D Location',(0.,-20.,76.5)) ;
#3909=CARTESIAN_POINT('Line Origine',(0.,-20.,0.)) ;
#3921=CARTESIAN_POINT('Axis2P3D Location',(0.,-17.,-73.5)) ;
#3926=CARTESIAN_POINT('Line Origine',(0.,0.,-73.5)) ;
#3938=CARTESIAN_POINT('Axis2P3D Location',(0.,0.,0.)) ;
#3966=CARTESIAN_POINT('NONE',(0.,0.,0.)) ;
#3967=CARTESIAN_POINT('NONE',(120.,120.,-76.5)) ;
#3981=CARTESIAN_POINT('NONE',(0.,0.,0.)) ;
#3982=CARTESIAN_POINT('NONE',(120.,-120.,-76.5)) ;
#3998=CARTESIAN_POINT('Axis2P3D Location',(0.,-28.,0.)) ;
#4003=CARTESIAN_POINT('Line Origine',(290.,-28.,0.)) ;
#4007=CARTESIAN_POINT('Vertex',(0.,-28.,0.)) ;
#4009=CARTESIAN_POINT('Vertex',(580.,-28.,0.)) ;
#4012=CARTESIAN_POINT('Line Origine',(0.,0.,0.)) ;
#4016=CARTESIAN_POINT('Vertex',(0.,28.,0.)) ;
#4019=CARTESIAN_POINT('Line Origine',(290.,28.,0.)) ;
#4023=CARTESIAN_POINT('Vertex',(580.,28.,0.)) ;
#4026=CARTESIAN_POINT('Line Origine',(580.,0.,0.)) ;
#4038=CARTESIAN_POINT('Axis2P3D Location',(0.,28.,0.)) ;
#4043=CARTESIAN_POINT('Line Origine',(0.,28.,12.5)) ;
#4047=CARTESIAN_POINT('Vertex',(0.,28.,25.)) ;
#4050=CARTESIAN_POINT('Line Origine',(290.,28.,25.)) ;
#4054=CARTESIAN_POINT('Vertex',(580.,28.,25.)) ;
#4057=CARTESIAN_POINT('Line Origine',(580.,28.,12.5)) ;
#4069=CARTESIAN_POINT('Axis2P3D Location',(0.,28.,25.)) ;
#4074=CARTESIAN_POINT('Line Origine',(0.,26.5,25.)) ;
#4078=CARTESIAN_POINT('Vertex',(0.,25.,25.)) ;
#4081=CARTESIAN_POINT('Line Origine',(290.,25.,25.)) ;
#4085=CARTESIAN_POINT('Vertex',(580.,25.,25.)) ;
#4088=CARTESIAN_POINT('Line Origine',(580.,26.5,25.)) ;
#4100=CARTESIAN_POINT('Axis2P3D Location',(0.,25.,25.)) ;
#4105=CARTESIAN_POINT('Line Origine',(0.,25.,14.)) ;
#4109=CARTESIAN_POINT('Vertex',(0.,25.,3.)) ;
#4112=CARTESIAN_POINT('Line Origine',(290.,25.,3.)) ;
#4116=CARTESIAN_POINT('Vertex',(580.,25.,3.)) ;
#4119=CARTESIAN_POINT('Line Origine',(580.,25.,14.)) ;
#4131=CARTESIAN_POINT('Axis2P3D Location',(0.,25.,3.)) ;
#4136=CARTESIAN_POINT('Line Origine',(0.,0.,3.)) ;
#4140=CARTESIAN_POINT('Vertex',(0.,-25.,3.)) ;
#4143=CARTESIAN_POINT('Line Origine',(290.,-25.,3.)) ;
#4147=CARTESIAN_POINT('Vertex',(580.,-25.,3.)) ;
#4150=CARTESIAN_POINT('Line Origine',(580.,0.,3.)) ;
#4162=CARTESIAN_POINT('Axis2P3D Location',(0.,-25.,3.)) ;
#4167=CARTESIAN_POINT('Line Origine',(0.,-25.,14.)) ;
#4171=CARTESIAN_POINT('Vertex',(0.,-25.,25.)) ;
#4174=CARTESIAN_POINT('Line Origine',(290.,-25.,25.)) ;
#4178=CARTESIAN_POINT('Vertex',(580.,-25.,25.)) ;
#4181=CARTESIAN_POINT('Line Origine',(580.,-25.,14.)) ;
#4193=CARTESIAN_POINT('Line Origine',(0.,-26.5,25.)) ;
#4197=CARTESIAN_POINT('Vertex',(0.,-28.,25.)) ;
#4200=CARTESIAN_POINT('Line Origine',(290.,-28.,25.)) ;
#4204=CARTESIAN_POINT('Vertex',(580.,-28.,25.)) ;
#4207=CARTESIAN_POINT('Line Origine',(580.,-26.5,25.)) ;
#4219=CARTESIAN_POINT('Axis2P3D Location',(0.,-28.,25.)) ;
#4224=CARTESIAN_POINT('Line Origine',(0.,-28.,12.5)) ;
#4229=CARTESIAN_POINT('Line Origine',(580.,-28.,12.5)) ;
#4241=CARTESIAN_POINT('Axis2P3D Location',(0.,0.,0.)) ;
#4257=CARTESIAN_POINT('Axis2P3D Location',(580.,0.,0.)) ;
#4283=CARTESIAN_POINT('NONE',(0.,0.,0.)) ;
#4284=CARTESIAN_POINT('NONE',(660.,-480.,-153.)) ;
#4298=CARTESIAN_POINT('NONE',(0.,0.,0.)) ;
#4299=CARTESIAN_POINT('NONE',(1660.,-480.,-153.)) ;
#4313=CARTESIAN_POINT('NONE',(0.,0.,0.)) ;
#4314=CARTESIAN_POINT('NONE',(660.,-120.,-153.)) ;
#4328=CARTESIAN_POINT('NONE',(0.,0.,0.)) ;
#4329=CARTESIAN_POINT('NONE',(1660.,-120.,-153.)) ;
#4343=CARTESIAN_POINT('NONE',(0.,0.,0.)) ;
#4344=CARTESIAN_POINT('NONE',(660.,120.,-153.)) ;
#4358=CARTESIAN_POINT('NONE',(0.,0.,0.)) ;
#4359=CARTESIAN_POINT('NONE',(1660.,120.,-153.)) ;
#4373=CARTESIAN_POINT('NONE',(0.,0.,0.)) ;
#4374=CARTESIAN_POINT('NONE',(660.,420.,-153.)) ;
#4388=CARTESIAN_POINT('NONE',(0.,0.,0.)) ;
#4389=CARTESIAN_POINT('NONE',(1660.,420.,-153.)) ;
#64=DIRECTION('Axis2P3D Direction',(-1.,0.,0.)) ;
#65=DIRECTION('Axis2P3D XDirection',(0.,-1.,0.)) ;
#69=DIRECTION('Vector Direction',(0.,-1.,0.)) ;
#78=DIRECTION('Vector Direction',(0.,0.,1.)) ;
#85=DIRECTION('Vector Direction',(0.,-1.,0.)) ;
#92=DIRECTION('Vector Direction',(0.,0.,1.)) ;
#104=DIRECTION('Axis2P3D Direction',(0.,1.,-0.)) ;
#105=DIRECTION('Axis2P3D XDirection',(-1.,0.,0.)) ;
#109=DIRECTION('Vector Direction',(-1.,0.,0.)) ;
#116=DIRECTION('Vector Direction',(-1.,0.,0.)) ;
#123=DIRECTION('Vector Direction',(0.,0.,1.)) ;
#135=DIRECTION('Axis2P3D Direction',(0.,0.,1.)) ;
#136=DIRECTION('Axis2P3D XDirection',(1.,0.,0.)) ;
#140=DIRECTION('Vector Direction',(1.,0.,0.)) ;
#149=DIRECTION('Vector Direction',(0.,1.,0.)) ;
#156=DIRECTION('Vector Direction',(-1.,0.,0.)) ;
#163=DIRECTION('Vector Direction',(0.,-1.,0.)) ;
#174=DIRECTION('Vector Direction',(0.,1.,0.)) ;
#181=DIRECTION('Vector Direction',(1.,0.,0.)) ;
#193=DIRECTION('Axis2P3D Direction',(1.,0.,0.)) ;
#194=DIRECTION('Axis2P3D XDirection',(0.,1.,0.)) ;
#198=DIRECTION('Vector Direction',(0.,1.,0.)) ;
#205=DIRECTION('Vector Direction',(0.,0.,1.)) ;
#217=DIRECTION('Axis2P3D Direction',(0.,-1.,0.)) ;
#218=DIRECTION('Axis2P3D XDirection',(1.,0.,0.)) ;
#222=DIRECTION('Vector Direction',(0.,0.,1.)) ;
#229=DIRECTION('Vector Direction',(1.,0.,0.)) ;
#236=DIRECTION('Vector Direction',(0.,0.,1.)) ;
#248=DIRECTION('Axis2P3D Direction',(1.,0.,0.)) ;
#249=DIRECTION('Axis2P3D XDirection',(0.,1.,0.)) ;
#253=DIRECTION('Vector Direction',(0.,1.,0.)) ;
#260=DIRECTION('Vector Direction',(0.,0.,1.)) ;
#272=DIRECTION('Axis2P3D Direction',(0.,1.,-0.)) ;
#273=DIRECTION('Axis2P3D XDirection',(-1.,0.,0.)) ;
#277=DIRECTION('Vector Direction',(-1.,0.,0.)) ;
#284=DIRECTION('Vector Direction',(0.,0.,1.)) ;
#296=DIRECTION('Axis2P3D Direction',(-1.,0.,0.)) ;
#297=DIRECTION('Axis2P3D XDirection',(0.,-1.,0.)) ;
#301=DIRECTION('Vector Direction',(0.,-1.,0.)) ;
#313=DIRECTION('Axis2P3D Direction',(0.,-1.,0.)) ;
#314=DIRECTION('Axis2P3D XDirection',(1.,0.,0.)) ;
#318=DIRECTION('Vector Direction',(1.,0.,0.)) ;
#330=DIRECTION('Axis2P3D Direction',(0.,0.,1.)) ;
#331=DIRECTION('Axis2P3D XDirection',(1.,0.,0.)) ;
#359=DIRECTION('NONE',(1.,0.,0.)) ;
#360=DIRECTION('NONE',(0.,0.,1.)) ;
#361=DIRECTION('NONE',(-1.,0.,0.)) ;
#362=DIRECTION('NONE',(0.,1.,0.)) ;
#374=DIRECTION('NONE',(1.,0.,0.)) ;
#375=DIRECTION('NONE',(0.,0.,1.)) ;
#376=DIRECTION('NONE',(-1.,0.,0.)) ;
#377=DIRECTION('NONE',(0.,1.,0.)) ;
#389=DIRECTION('NONE',(1.,0.,0.)) ;
#390=DIRECTION('NONE',(0.,0.,1.)) ;
#391=DIRECTION('NONE',(-1.,0.,0.)) ;
#392=DIRECTION('NONE',(0.,1.,0.)) ;
#404=DIRECTION('NONE',(1.,0.,0.)) ;
#405=DIRECTION('NONE',(0.,0.,1.)) ;
#406=DIRECTION('NONE',(-1.,0.,0.)) ;
#407=DIRECTION('NONE',(0.,1.,0.)) ;
#419=DIRECTION('NONE',(1.,0.,0.)) ;
#420=DIRECTION('NONE',(0.,0.,1.)) ;
#421=DIRECTION('NONE',(-1.,0.,0.)) ;
#422=DIRECTION('NONE',(0.,1.,0.)) ;
#434=DIRECTION('NONE',(1.,0.,0.)) ;
#435=DIRECTION('NONE',(0.,0.,1.)) ;
#436=DIRECTION('NONE',(-1.,0.,0.)) ;
#437=DIRECTION('NONE',(0.,1.,0.)) ;
#449=DIRECTION('NONE',(1.,0.,0.)) ;
#450=DIRECTION('NONE',(0.,0.,1.)) ;
#451=DIRECTION('NONE',(-1.,0.,0.)) ;
#452=DIRECTION('NONE',(0.,1.,0.)) ;
#464=DIRECTION('NONE',(1.,0.,0.)) ;
#465=DIRECTION('NONE',(0.,0.,1.)) ;
#466=DIRECTION('NONE',(-1.,0.,0.)) ;
#467=DIRECTION('NONE',(0.,1.,0.)) ;
#479=DIRECTION('NONE',(1.,0.,0.)) ;
#480=DIRECTION('NONE',(0.,0.,1.)) ;
#481=DIRECTION('NONE',(-1.,0.,0.)) ;
#482=DIRECTION('NONE',(0.,1.,0.)) ;
#494=DIRECTION('NONE',(1.,0.,0.)) ;
#495=DIRECTION('NONE',(0.,0.,1.)) ;
#496=DIRECTION('NONE',(-1.,0.,0.)) ;
#497=DIRECTION('NONE',(0.,1.,0.)) ;
#509=DIRECTION('NONE',(1.,0.,0.)) ;
#510=DIRECTION('NONE',(0.,0.,1.)) ;
#511=DIRECTION('NONE',(-1.,0.,0.)) ;
#512=DIRECTION('NONE',(0.,1.,0.)) ;
#525=DIRECTION('Axis2P3D Direction',(-1.,0.,0.)) ;
#526=DIRECTION('Axis2P3D XDirection',(0.,-1.,0.)) ;
#530=DIRECTION('Vector Direction',(0.,-1.,0.)) ;
#539=DIRECTION('Vector Direction',(0.,0.,1.)) ;
#546=DIRECTION('Vector Direction',(0.,-1.,0.)) ;
#553=DIRECTION('Vector Direction',(0.,0.,1.)) ;
#565=DIRECTION('Axis2P3D Direction',(0.,1.,-0.)) ;
#566=DIRECTION('Axis2P3D XDirection',(-1.,0.,0.)) ;
#570=DIRECTION('Vector Direction',(-1.,0.,0.)) ;
#577=DIRECTION('Vector Direction',(-1.,0.,0.)) ;
#584=DIRECTION('Vector Direction',(0.,0.,1.)) ;
#596=DIRECTION('Axis2P3D Direction',(0.,0.,1.)) ;
#597=DIRECTION('Axis2P3D XDirection',(1.,0.,0.)) ;
#601=DIRECTION('Vector Direction',(1.,0.,0.)) ;
#610=DIRECTION('Vector Direction',(0.,1.,0.)) ;
#617=DIRECTION('Vector Direction',(-1.,0.,0.)) ;
#624=DIRECTION('Vector Direction',(0.,-1.,0.)) ;
#635=DIRECTION('Vector Direction',(0.,1.,0.)) ;
#642=DIRECTION('Vector Direction',(1.,0.,0.)) ;
#654=DIRECTION('Axis2P3D Direction',(1.,0.,0.)) ;
#655=DIRECTION('Axis2P3D XDirection',(0.,1.,0.)) ;
#659=DIRECTION('Vector Direction',(0.,1.,0.)) ;
#666=DIRECTION('Vector Direction',(0.,0.,1.)) ;
#678=DIRECTION('Axis2P3D Direction',(0.,-1.,0.)) ;
#679=DIRECTION('Axis2P3D XDirection',(1.,0.,0.)) ;
#683=DIRECTION('Vector Direction',(0.,0.,1.)) ;
#690=DIRECTION('Vector Direction',(1.,0.,0.)) ;
#697=DIRECTION('Vector Direction',(0.,0.,1.)) ;
#709=DIRECTION('Axis2P3D Direction',(1.,0.,0.)) ;
#710=DIRECTION('Axis2P3D XDirection',(0.,1.,0.)) ;
#714=DIRECTION('Vector Direction',(0.,1.,0.)) ;
#721=DIRECTION('Vector Direction',(0.,0.,1.)) ;
#733=DIRECTION('Axis2P3D Direction',(0.,1.,-0.)) ;
#734=DIRECTION('Axis2P3D XDirection',(-1.,0.,0.)) ;
#738=DIRECTION('Vector Direction',(-1.,0.,0.)) ;
#745=DIRECTION('Vector Direction',(0.,0.,1.)) ;
#757=DIRECTION('Axis2P3D Direction',(-1.,0.,0.)) ;
#758=DIRECTION('Axis2P3D XDirection',(0.,-1.,0.)) ;
#762=DIRECTION('Vector Direction',(0.,-1.,0.)) ;
#774=DIRECTION('Axis2P3D Direction',(0.,-1.,0.)) ;
#775=DIRECTION('Axis2P3D XDirection',(1.,0.,0.)) ;
#779=DIRECTION('Vector Direction',(1.,0.,0.)) ;
#791=DIRECTION('Axis2P3D Direction',(0.,0.,1.)) ;
#792=DIRECTION('Axis2P3D XDirection',(1.,0.,0.)) ;
#820=DIRECTION('NONE',(1.,0.,0.)) ;
#821=DIRECTION('NONE',(0.,0.,1.)) ;
#822=DIRECTION('NONE',(0.,0.,-1.)) ;
#823=DIRECTION('NONE',(1.,0.,0.)) ;
#835=DIRECTION('NONE',(1.,0.,0.)) ;
#836=DIRECTION('NONE',(0.,0.,1.)) ;
#837=DIRECTION('NONE',(0.,0.,-1.)) ;
#838=DIRECTION('NONE',(1.,0.,0.)) ;
#850=DIRECTION('NONE',(1.,0.,0.)) ;
#851=DIRECTION('NONE',(0.,0.,1.)) ;
#852=DIRECTION('NONE',(0.,0.,-1.)) ;
#853=DIRECTION('NONE',(1.,0.,0.)) ;
#865=DIRECTION('NONE',(1.,0.,0.)) ;
#866=DIRECTION('NONE',(0.,0.,1.)) ;
#867=DIRECTION('NONE',(0.,0.,-1.)) ;
#868=DIRECTION('NONE',(1.,0.,0.)) ;
#880=DIRECTION('NONE',(1.,0.,0.)) ;
#881=DIRECTION('NONE',(0.,0.,1.)) ;
#882=DIRECTION('NONE',(0.,0.,-1.)) ;
#883=DIRECTION('NONE',(1.,0.,0.)) ;
#895=DIRECTION('NONE',(1.,0.,0.)) ;
#896=DIRECTION('NONE',(0.,0.,1.)) ;
#897=DIRECTION('NONE',(-1.,0.,0.)) ;
#898=DIRECTION('NONE',(0.,1.,0.)) ;
#910=DIRECTION('NONE',(1.,0.,0.)) ;
#911=DIRECTION('NONE',(0.,0.,1.)) ;
#912=DIRECTION('NONE',(-1.,0.,0.)) ;
#913=DIRECTION('NONE',(0.,1.,0.)) ;
#926=DIRECTION('Axis2P3D Direction',(0.,0.,1.)) ;
#927=DIRECTION('Axis2P3D XDirection',(1.,0.,0.)) ;
#931=DIRECTION('Vector Direction',(0.,1.,0.)) ;
#940=DIRECTION('Vector Direction',(1.,0.,0.)) ;
#947=DIRECTION('Vector Direction',(0.,1.,0.)) ;
#954=DIRECTION('Vector Direction',(1.,0.,0.)) ;
#965=DIRECTION('Vector Direction',(0.,1.,0.)) ;
#974=DIRECTION('Vector Direction',(1.,0.,0.)) ;
#981=DIRECTION('Vector Direction',(0.,1.,0.)) ;
#988=DIRECTION('Vector Direction',(1.,0.,0.)) ;
#1000=DIRECTION('Axis2P3D Direction',(0.,-1.,0.)) ;
#1001=DIRECTION('Axis2P3D XDirection',(1.,0.,0.)) ;
#1005=DIRECTION('Vector Direction',(1.,0.,0.)) ;
#1014=DIRECTION('Vector Direction',(0.,0.,-1.)) ;
#1019=DIRECTION('Vector Direction',(0.,0.,-1.)) ;
#1031=DIRECTION('Axis2P3D Direction',(1.,0.,0.)) ;
#1032=DIRECTION('Axis2P3D XDirection',(0.,1.,0.)) ;
#1036=DIRECTION('Vector Direction',(0.,1.,0.)) ;
#1043=DIRECTION('Vector Direction',(0.,0.,-1.)) ;
#1055=DIRECTION('Axis2P3D Direction',(0.,1.,-0.)) ;
#1056=DIRECTION('Axis2P3D XDirection',(-1.,0.,0.)) ;
#1060=DIRECTION('Vector Direction',(-1.,0.,0.)) ;
#1067=DIRECTION('Vector Direction',(0.,0.,-1.)) ;
#1079=DIRECTION('Axis2P3D Direction',(-1.,0.,0.)) ;
#1080=DIRECTION('Axis2P3D XDirection',(0.,-1.,0.)) ;
#1084=DIRECTION('Vector Direction',(0.,-1.,0.)) ;
#1096=DIRECTION('Axis2P3D Direction',(0.,0.,1.)) ;
#1097=DIRECTION('Axis2P3D XDirection',(1.,0.,0.)) ;
#1107=DIRECTION('Vector Direction',(0.,-1.,0.)) ;
#1116=DIRECTION('Vector Direction',(1.,0.,0.)) ;
#1123=DIRECTION('Vector Direction',(0.,1.,0.)) ;
#1130=DIRECTION('Vector Direction',(-1.,0.,0.)) ;
#1142=DIRECTION('Axis2P3D Direction',(1.,0.,0.)) ;
#1143=DIRECTION('Axis2P3D XDirection',(0.,1.,0.)) ;
#1147=DIRECTION('Vector Direction',(0.,0.,-1.)) ;
#1152=DIRECTION('Vector Direction',(0.,0.,1.)) ;
#1164=DIRECTION('Axis2P3D Direction',(0.,-1.,0.)) ;
#1165=DIRECTION('Axis2P3D XDirection',(1.,0.,0.)) ;
#1169=DIRECTION('Vector Direction',(0.,0.,1.)) ;
#1181=DIRECTION('Axis2P3D Direction',(-1.,0.,0.)) ;
#1182=DIRECTION('Axis2P3D XDirection',(0.,-1.,0.)) ;
#1186=DIRECTION('Vector Direction',(0.,0.,1.)) ;
#1198=DIRECTION('Axis2P3D Direction',(0.,1.,-0.)) ;
#1199=DIRECTION('Axis2P3D XDirection',(-1.,0.,0.)) ;
#1221=DIRECTION('NONE',(1.,0.,0.)) ;
#1222=DIRECTION('NONE',(0.,0.,1.)) ;
#1223=DIRECTION('NONE',(1.,0.,0.)) ;
#1224=DIRECTION('NONE',(0.,0.,1.)) ;
#1236=DIRECTION('NONE',(1.,0.,0.)) ;
#1237=DIRECTION('NONE',(0.,0.,1.)) ;
#1238=DIRECTION('NONE',(1.,0.,0.)) ;
#1239=DIRECTION('NONE',(0.,0.,1.)) ;
#1251=DIRECTION('NONE',(1.,0.,0.)) ;
#1252=DIRECTION('NONE',(0.,0.,1.)) ;
#1253=DIRECTION('NONE',(1.,0.,0.)) ;
#1254=DIRECTION('NONE',(0.,0.,1.)) ;
#1266=DIRECTION('NONE',(1.,0.,0.)) ;
#1267=DIRECTION('NONE',(0.,0.,1.)) ;
#1268=DIRECTION('NONE',(1.,0.,0.)) ;
#1269=DIRECTION('NONE',(0.,0.,1.)) ;
#1281=DIRECTION('NONE',(1.,0.,0.)) ;
#1282=DIRECTION('NONE',(0.,0.,1.)) ;
#1283=DIRECTION('NONE',(1.,0.,0.)) ;
#1284=DIRECTION('NONE',(0.,0.,1.)) ;
#1296=DIRECTION('NONE',(1.,0.,0.)) ;
#1297=DIRECTION('NONE',(0.,0.,1.)) ;
#1298=DIRECTION('NONE',(1.,0.,0.)) ;
#1299=DIRECTION('NONE',(0.,0.,1.)) ;
#1311=DIRECTION('NONE',(1.,0.,0.)) ;
#1312=DIRECTION('NONE',(0.,0.,1.)) ;
#1313=DIRECTION('NONE',(1.,0.,0.)) ;
#1314=DIRECTION('NONE',(0.,0.,1.)) ;
#1326=DIRECTION('NONE',(1.,0.,0.)) ;
#1327=DIRECTION('NONE',(0.,0.,1.)) ;
#1328=DIRECTION('NONE',(1.,0.,0.)) ;
#1329=DIRECTION('NONE',(0.,0.,1.)) ;
#1341=DIRECTION('NONE',(1.,0.,0.)) ;
#1342=DIRECTION('NONE',(0.,0.,1.)) ;
#1343=DIRECTION('NONE',(1.,0.,0.)) ;
#1344=DIRECTION('NONE',(0.,0.,1.)) ;
#1357=DIRECTION('Axis2P3D Direction',(0.,0.,1.)) ;
#1358=DIRECTION('Axis2P3D XDirection',(1.,0.,0.)) ;
#1362=DIRECTION('Vector Direction',(1.,0.,0.)) ;
#1371=DIRECTION('Vector Direction',(0.,1.,0.)) ;
#1378=DIRECTION('Vector Direction',(1.,0.,0.)) ;
#1385=DIRECTION('Vector Direction',(0.,1.,0.)) ;
#1396=DIRECTION('Vector Direction',(1.,0.,0.)) ;
#1405=DIRECTION('Vector Direction',(0.,1.,0.)) ;
#1412=DIRECTION('Vector Direction',(1.,0.,0.)) ;
#1419=DIRECTION('Vector Direction',(0.,1.,0.)) ;
#1431=DIRECTION('Axis2P3D Direction',(-1.,0.,0.)) ;
#1432=DIRECTION('Axis2P3D XDirection',(0.,-1.,0.)) ;
#1436=DIRECTION('Vector Direction',(0.,0.,1.)) ;
#1443=DIRECTION('Vector Direction',(0.,1.,0.)) ;
#1450=DIRECTION('Vector Direction',(0.,0.,-1.)) ;
#1462=DIRECTION('Axis2P3D Direction',(0.,-1.,0.)) ;
#1463=DIRECTION('Axis2P3D XDirection',(1.,0.,0.)) ;
#1467=DIRECTION('Vector Direction',(1.,0.,0.)) ;
#1474=DIRECTION('Vector Direction',(0.,0.,1.)) ;
#1486=DIRECTION('Axis2P3D Direction',(1.,0.,0.)) ;
#1487=DIRECTION('Axis2P3D XDirection',(0.,1.,0.)) ;
#1491=DIRECTION('Vector Direction',(0.,0.,1.)) ;
#1498=DIRECTION('Vector Direction',(0.,1.,0.)) ;
#1510=DIRECTION('Axis2P3D Direction',(0.,1.,-0.)) ;
#1511=DIRECTION('Axis2P3D XDirection',(-1.,0.,0.)) ;
#1515=DIRECTION('Vector Direction',(-1.,0.,0.)) ;
#1527=DIRECTION('Axis2P3D Direction',(0.,0.,1.)) ;
#1528=DIRECTION('Axis2P3D XDirection',(1.,0.,0.)) ;
#1538=DIRECTION('Vector Direction',(1.,0.,0.)) ;
#1547=DIRECTION('Vector Direction',(0.,1.,0.)) ;
#1554=DIRECTION('Vector Direction',(1.,0.,0.)) ;
#1561=DIRECTION('Vector Direction',(0.,1.,0.)) ;
#1573=DIRECTION('Axis2P3D Direction',(0.,-1.,0.)) ;
#1574=DIRECTION('Axis2P3D XDirection',(1.,0.,0.)) ;
#1578=DIRECTION('Vector Direction',(0.,0.,-1.)) ;
#1583=DIRECTION('Vector Direction',(0.,0.,-1.)) ;
#1595=DIRECTION('Axis2P3D Direction',(-1.,0.,0.)) ;
#1596=DIRECTION('Axis2P3D XDirection',(0.,-1.,0.)) ;
#1600=DIRECTION('Vector Direction',(0.,0.,-1.)) ;
#1612=DIRECTION('Axis2P3D Direction',(0.,1.,-0.)) ;
#1613=DIRECTION('Axis2P3D XDirection',(-1.,0.,0.)) ;
#1617=DIRECTION('Vector Direction',(0.,0.,-1.)) ;
#1629=DIRECTION('Axis2P3D Direction',(1.,0.,0.)) ;
#1630=DIRECTION('Axis2P3D XDirection',(0.,1.,0.)) ;
#1652=DIRECTION('NONE',(1.,0.,0.)) ;
#1653=DIRECTION('NONE',(0.,0.,1.)) ;
#1654=DIRECTION('NONE',(1.,0.,0.)) ;
#1655=DIRECTION('NONE',(0.,0.,1.)) ;
#1667=DIRECTION('NONE',(1.,0.,0.)) ;
#1668=DIRECTION('NONE',(0.,0.,1.)) ;
#1669=DIRECTION('NONE',(1.,0.,0.)) ;
#1670=DIRECTION('NONE',(0.,0.,1.)) ;
#1682=DIRECTION('NONE',(1.,0.,0.)) ;
#1683=DIRECTION('NONE',(0.,0.,1.)) ;
#1684=DIRECTION('NONE',(1.,0.,0.)) ;
#1685=DIRECTION('NONE',(0.,0.,1.)) ;
#1697=DIRECTION('NONE',(1.,0.,0.)) ;
#1698=DIRECTION('NONE',(0.,0.,1.)) ;
#1699=DIRECTION('NONE',(1.,0.,0.)) ;
#1700=DIRECTION('NONE',(0.,0.,1.)) ;
#1713=DIRECTION('Axis2P3D Direction',(-0.806404995856,-0.591363663628,0.)) ;
#1714=DIRECTION('Axis2P3D XDirection',(0.591363663628,-0.806404995856,0.)) ;
#1718=DIRECTION('Vector Direction',(0.,0.,1.)) ;
#1727=DIRECTION('Vector Direction',(0.591363663628,-0.806404995856,0.)) ;
#1734=DIRECTION('Vector Direction',(0.,0.,1.)) ;
#1741=DIRECTION('Vector Direction',(0.591363663628,-0.806404995856,0.)) ;
#1753=DIRECTION('Axis2P3D Direction',(0.806404995856,-0.591363663628,0.)) ;
#1754=DIRECTION('Axis2P3D XDirection',(0.591363663628,0.806404995856,0.)) ;
#1758=DIRECTION('Vector Direction',(0.591363663628,0.806404995856,0.)) ;
#1765=DIRECTION('Vector Direction',(0.,0.,1.)) ;
#1772=DIRECTION('Vector Direction',(0.591363663628,0.806404995856,0.)) ;
#1784=DIRECTION('Axis2P3D Direction',(0.,1.,-0.)) ;
#1785=DIRECTION('Axis2P3D XDirection',(-1.,0.,0.)) ;
#1789=DIRECTION('Vector Direction',(-1.,0.,0.)) ;
#1796=DIRECTION('Vector Direction',(0.,0.,1.)) ;
#1803=DIRECTION('Vector Direction',(-1.,0.,0.)) ;
#1815=DIRECTION('Axis2P3D Direction',(-0.822192191644,0.56920997883,0.)) ;
#1816=DIRECTION('Axis2P3D XDirection',(-0.56920997883,-0.822192191644,-0.)) ;
#1820=DIRECTION('Vector Direction',(-0.56920997883,-0.822192191644,0.)) ;
#1827=DIRECTION('Vector Direction',(0.,0.,1.)) ;
#1834=DIRECTION('Vector Direction',(-0.56920997883,-0.822192191644,0.)) ;
#1846=DIRECTION('Axis2P3D Direction',(0.822192191644,0.56920997883,-0.)) ;
#1847=DIRECTION('Axis2P3D XDirection',(-0.56920997883,0.822192191644,0.)) ;
#1851=DIRECTION('Vector Direction',(-0.56920997883,0.822192191644,0.)) ;
#1858=DIRECTION('Vector Direction',(0.,0.,1.)) ;
#1865=DIRECTION('Vector Direction',(-0.56920997883,0.822192191644,0.)) ;
#1877=DIRECTION('Vector Direction',(-1.,0.,0.)) ;
#1882=DIRECTION('Vector Direction',(-1.,0.,0.)) ;
#1894=DIRECTION('Axis2P3D Direction',(0.,0.,1.)) ;
#1895=DIRECTION('Axis2P3D XDirection',(1.,0.,0.)) ;
#1908=DIRECTION('Axis2P3D Direction',(0.,0.,1.)) ;
#1909=DIRECTION('Axis2P3D XDirection',(1.,0.,0.)) ;
#1933=DIRECTION('NONE',(1.,0.,0.)) ;
#1934=DIRECTION('NONE',(0.,0.,1.)) ;
#1935=DIRECTION('NONE',(-1.,0.,0.)) ;
#1936=DIRECTION('NONE',(0.,1.,0.)) ;
#1948=DIRECTION('NONE',(1.,0.,0.)) ;
#1949=DIRECTION('NONE',(0.,0.,1.)) ;
#1950=DIRECTION('NONE',(-1.,0.,0.)) ;
#1951=DIRECTION('NONE',(0.,1.,0.)) ;
#1963=DIRECTION('NONE',(1.,0.,0.)) ;
#1964=DIRECTION('NONE',(0.,0.,1.)) ;
#1965=DIRECTION('NONE',(-1.,0.,0.)) ;
#1966=DIRECTION('NONE',(0.,1.,0.)) ;
#1978=DIRECTION('NONE',(1.,0.,0.)) ;
#1979=DIRECTION('NONE',(0.,0.,1.)) ;
#1980=DIRECTION('NONE',(-1.,0.,0.)) ;
#1981=DIRECTION('NONE',(0.,1.,0.)) ;
#1993=DIRECTION('NONE',(1.,0.,0.)) ;
#1994=DIRECTION('NONE',(0.,0.,1.)) ;
#1995=DIRECTION('NONE',(-1.,0.,0.)) ;
#1996=DIRECTION('NONE',(0.,1.,0.)) ;
#2008=DIRECTION('NONE',(1.,0.,0.)) ;
#2009=DIRECTION('NONE',(0.,0.,1.)) ;
#2010=DIRECTION('NONE',(-1.,0.,0.)) ;
#2011=DIRECTION('NONE',(0.,1.,0.)) ;
#2023=DIRECTION('NONE',(1.,0.,0.)) ;
#2024=DIRECTION('NONE',(0.,0.,1.)) ;
#2025=DIRECTION('NONE',(-1.,0.,0.)) ;
#2026=DIRECTION('NONE',(0.,1.,0.)) ;
#2038=DIRECTION('NONE',(1.,0.,0.)) ;
#2039=DIRECTION('NONE',(0.,0.,1.)) ;
#2040=DIRECTION('NONE',(-1.,0.,0.)) ;
#2041=DIRECTION('NONE',(0.,1.,0.)) ;
#2053=DIRECTION('NONE',(1.,0.,0.)) ;
#2054=DIRECTION('NONE',(0.,0.,1.)) ;
#2055=DIRECTION('NONE',(-1.,0.,0.)) ;
#2056=DIRECTION('NONE',(0.,1.,0.)) ;
#2068=DIRECTION('NONE',(1.,0.,0.)) ;
#2069=DIRECTION('NONE',(0.,0.,1.)) ;
#2070=DIRECTION('NONE',(-1.,0.,0.)) ;
#2071=DIRECTION('NONE',(0.,1.,0.)) ;
#2083=DIRECTION('NONE',(1.,0.,0.)) ;
#2084=DIRECTION('NONE',(0.,0.,1.)) ;
#2085=DIRECTION('NONE',(0.,0.,-1.)) ;
#2086=DIRECTION('NONE',(1.,0.,0.)) ;
#2099=DIRECTION('Axis2P3D Direction',(-1.,0.,0.)) ;
#2100=DIRECTION('Axis2P3D XDirection',(0.,-1.,0.)) ;
#2104=DIRECTION('Vector Direction',(0.,-1.,0.)) ;
#2113=DIRECTION('Vector Direction',(0.,0.,1.)) ;
#2120=DIRECTION('Vector Direction',(0.,-1.,0.)) ;
#2127=DIRECTION('Vector Direction',(0.,0.,1.)) ;
#2139=DIRECTION('Axis2P3D Direction',(0.,1.,-0.)) ;
#2140=DIRECTION('Axis2P3D XDirection',(-1.,0.,0.)) ;
#2144=DIRECTION('Vector Direction',(-1.,0.,0.)) ;
#2151=DIRECTION('Vector Direction',(-1.,0.,0.)) ;
#2158=DIRECTION('Vector Direction',(0.,0.,1.)) ;
#2170=DIRECTION('Axis2P3D Direction',(0.,0.,1.)) ;
#2171=DIRECTION('Axis2P3D XDirection',(1.,0.,0.)) ;
#2175=DIRECTION('Vector Direction',(1.,0.,0.)) ;
#2184=DIRECTION('Vector Direction',(0.,1.,0.)) ;
#2191=DIRECTION('Vector Direction',(-1.,0.,0.)) ;
#2198=DIRECTION('Vector Direction',(0.,-1.,0.)) ;
#2209=DIRECTION('Vector Direction',(0.,1.,0.)) ;
#2216=DIRECTION('Vector Direction',(1.,0.,0.)) ;
#2228=DIRECTION('Axis2P3D Direction',(1.,0.,0.)) ;
#2229=DIRECTION('Axis2P3D XDirection',(0.,1.,0.)) ;
#2233=DIRECTION('Vector Direction',(0.,1.,0.)) ;
#2240=DIRECTION('Vector Direction',(0.,0.,1.)) ;
#2252=DIRECTION('Axis2P3D Direction',(0.,-1.,0.)) ;
#2253=DIRECTION('Axis2P3D XDirection',(1.,0.,0.)) ;
#2257=DIRECTION('Vector Direction',(0.,0.,1.)) ;
#2264=DIRECTION('Vector Direction',(1.,0.,0.)) ;
#2271=DIRECTION('Vector Direction',(0.,0.,1.)) ;
#2283=DIRECTION('Axis2P3D Direction',(1.,0.,0.)) ;
#2284=DIRECTION('Axis2P3D XDirection',(0.,1.,0.)) ;
#2288=DIRECTION('Vector Direction',(0.,1.,0.)) ;
#2295=DIRECTION('Vector Direction',(0.,0.,1.)) ;
#2307=DIRECTION('Axis2P3D Direction',(0.,1.,-0.)) ;
#2308=DIRECTION('Axis2P3D XDirection',(-1.,0.,0.)) ;
#2312=DIRECTION('Vector Direction',(-1.,0.,0.)) ;
#2319=DIRECTION('Vector Direction',(0.,0.,1.)) ;
#2331=DIRECTION('Axis2P3D Direction',(-1.,0.,0.)) ;
#2332=DIRECTION('Axis2P3D XDirection',(0.,-1.,0.)) ;
#2336=DIRECTION('Vector Direction',(0.,-1.,0.)) ;
#2348=DIRECTION('Axis2P3D Direction',(0.,-1.,0.)) ;
#2349=DIRECTION('Axis2P3D XDirection',(1.,0.,0.)) ;
#2353=DIRECTION('Vector Direction',(1.,0.,0.)) ;
#2365=DIRECTION('Axis2P3D Direction',(0.,0.,1.)) ;
#2366=DIRECTION('Axis2P3D XDirection',(1.,0.,0.)) ;
#2394=DIRECTION('NONE',(1.,0.,0.)) ;
#2395=DIRECTION('NONE',(0.,0.,1.)) ;
#2396=DIRECTION('NONE',(-1.,0.,0.)) ;
#2397=DIRECTION('NONE',(0.,1.,0.)) ;
#2410=DIRECTION('Axis2P3D Direction',(-1.,0.,0.)) ;
#2411=DIRECTION('Axis2P3D XDirection',(0.,-1.,0.)) ;
#2415=DIRECTION('Vector Direction',(0.,-1.,0.)) ;
#2424=DIRECTION('Vector Direction',(0.,0.,1.)) ;
#2431=DIRECTION('Vector Direction',(0.,-1.,0.)) ;
#2438=DIRECTION('Vector Direction',(0.,0.,1.)) ;
#2450=DIRECTION('Axis2P3D Direction',(0.,1.,-0.)) ;
#2451=DIRECTION('Axis2P3D XDirection',(-1.,0.,0.)) ;
#2455=DIRECTION('Vector Direction',(-1.,0.,0.)) ;
#2462=DIRECTION('Vector Direction',(-1.,0.,0.)) ;
#2469=DIRECTION('Vector Direction',(0.,0.,1.)) ;
#2481=DIRECTION('Axis2P3D Direction',(0.,0.,1.)) ;
#2482=DIRECTION('Axis2P3D XDirection',(1.,0.,0.)) ;
#2486=DIRECTION('Vector Direction',(1.,0.,0.)) ;
#2495=DIRECTION('Vector Direction',(0.,1.,0.)) ;
#2502=DIRECTION('Vector Direction',(-1.,0.,0.)) ;
#2509=DIRECTION('Vector Direction',(0.,-1.,0.)) ;
#2520=DIRECTION('Vector Direction',(0.,1.,0.)) ;
#2527=DIRECTION('Vector Direction',(1.,0.,0.)) ;
#2539=DIRECTION('Axis2P3D Direction',(1.,0.,0.)) ;
#2540=DIRECTION('Axis2P3D XDirection',(0.,1.,0.)) ;
#2544=DIRECTION('Vector Direction',(0.,1.,0.)) ;
#2551=DIRECTION('Vector Direction',(0.,0.,1.)) ;
#2563=DIRECTION('Axis2P3D Direction',(0.,-1.,0.)) ;
#2564=DIRECTION('Axis2P3D XDirection',(1.,0.,0.)) ;
#2568=DIRECTION('Vector Direction',(0.,0.,1.)) ;
#2575=DIRECTION('Vector Direction',(1.,0.,0.)) ;
#2582=DIRECTION('Vector Direction',(0.,0.,1.)) ;
#2594=DIRECTION('Axis2P3D Direction',(1.,0.,0.)) ;
#2595=DIRECTION('Axis2P3D XDirection',(0.,1.,0.)) ;
#2599=DIRECTION('Vector Direction',(0.,1.,0.)) ;
#2606=DIRECTION('Vector Direction',(0.,0.,1.)) ;
#2618=DIRECTION('Axis2P3D Direction',(0.,1.,-0.)) ;
#2619=DIRECTION('Axis2P3D XDirection',(-1.,0.,0.)) ;
#2623=DIRECTION('Vector Direction',(-1.,0.,0.)) ;
#2630=DIRECTION('Vector Direction',(0.,0.,1.)) ;
#2642=DIRECTION('Axis2P3D Direction',(-1.,0.,0.)) ;
#2643=DIRECTION('Axis2P3D XDirection',(0.,-1.,0.)) ;
#2647=DIRECTION('Vector Direction',(0.,-1.,0.)) ;
#2659=DIRECTION('Axis2P3D Direction',(0.,-1.,0.)) ;
#2660=DIRECTION('Axis2P3D XDirection',(1.,0.,0.)) ;
#2664=DIRECTION('Vector Direction',(1.,0.,0.)) ;
#2676=DIRECTION('Axis2P3D Direction',(0.,0.,1.)) ;
#2677=DIRECTION('Axis2P3D XDirection',(1.,0.,0.)) ;
#2705=DIRECTION('NONE',(1.,0.,0.)) ;
#2706=DIRECTION('NONE',(0.,0.,1.)) ;
#2707=DIRECTION('NONE',(-1.,0.,0.)) ;
#2708=DIRECTION('NONE',(0.,1.,0.)) ;
#2720=DIRECTION('NONE',(1.,0.,0.)) ;
#2721=DIRECTION('NONE',(0.,0.,1.)) ;
#2722=DIRECTION('NONE',(-1.,0.,0.)) ;
#2723=DIRECTION('NONE',(0.,1.,0.)) ;
#2735=DIRECTION('NONE',(1.,0.,0.)) ;
#2736=DIRECTION('NONE',(0.,0.,1.)) ;
#2737=DIRECTION('NONE',(-1.,0.,0.)) ;
#2738=DIRECTION('NONE',(0.,1.,0.)) ;
#2750=DIRECTION('NONE',(1.,0.,0.)) ;
#2751=DIRECTION('NONE',(0.,0.,1.)) ;
#2752=DIRECTION('NONE',(-1.,0.,0.)) ;
#2753=DIRECTION('NONE',(0.,1.,0.)) ;
#2766=DIRECTION('Axis2P3D Direction',(-1.,0.,0.)) ;
#2767=DIRECTION('Axis2P3D XDirection',(0.,-1.,0.)) ;
#2771=DIRECTION('Vector Direction',(0.,-1.,0.)) ;
#2780=DIRECTION('Vector Direction',(0.,0.,1.)) ;
#2787=DIRECTION('Vector Direction',(0.,-1.,0.)) ;
#2794=DIRECTION('Vector Direction',(0.,0.,1.)) ;
#2806=DIRECTION('Axis2P3D Direction',(0.,1.,-0.)) ;
#2807=DIRECTION('Axis2P3D XDirection',(-1.,0.,0.)) ;
#2811=DIRECTION('Vector Direction',(-1.,0.,0.)) ;
#2818=DIRECTION('Vector Direction',(-1.,0.,0.)) ;
#2825=DIRECTION('Vector Direction',(0.,0.,1.)) ;
#2837=DIRECTION('Axis2P3D Direction',(0.,0.,1.)) ;
#2838=DIRECTION('Axis2P3D XDirection',(1.,0.,0.)) ;
#2842=DIRECTION('Vector Direction',(1.,0.,0.)) ;
#2851=DIRECTION('Vector Direction',(0.,1.,0.)) ;
#2858=DIRECTION('Vector Direction',(-1.,0.,0.)) ;
#2865=DIRECTION('Vector Direction',(0.,-1.,0.)) ;
#2876=DIRECTION('Vector Direction',(0.,1.,0.)) ;
#2883=DIRECTION('Vector Direction',(1.,0.,0.)) ;
#2895=DIRECTION('Axis2P3D Direction',(1.,0.,0.)) ;
#2896=DIRECTION('Axis2P3D XDirection',(0.,1.,0.)) ;
#2900=DIRECTION('Vector Direction',(0.,1.,0.)) ;
#2907=DIRECTION('Vector Direction',(0.,0.,1.)) ;
#2919=DIRECTION('Axis2P3D Direction',(0.,-1.,0.)) ;
#2920=DIRECTION('Axis2P3D XDirection',(1.,0.,0.)) ;
#2924=DIRECTION('Vector Direction',(0.,0.,1.)) ;
#2931=DIRECTION('Vector Direction',(1.,0.,0.)) ;
#2938=DIRECTION('Vector Direction',(0.,0.,1.)) ;
#2950=DIRECTION('Axis2P3D Direction',(1.,0.,0.)) ;
#2951=DIRECTION('Axis2P3D XDirection',(0.,1.,0.)) ;
#2955=DIRECTION('Vector Direction',(0.,1.,0.)) ;
#2962=DIRECTION('Vector Direction',(0.,0.,1.)) ;
#2974=DIRECTION('Axis2P3D Direction',(0.,1.,-0.)) ;
#2975=DIRECTION('Axis2P3D XDirection',(-1.,0.,0.)) ;
#2979=DIRECTION('Vector Direction',(-1.,0.,0.)) ;
#2986=DIRECTION('Vector Direction',(0.,0.,1.)) ;
#2998=DIRECTION('Axis2P3D Direction',(-1.,0.,0.)) ;
#2999=DIRECTION('Axis2P3D XDirection',(0.,-1.,0.)) ;
#3003=DIRECTION('Vector Direction',(0.,-1.,0.)) ;
#3015=DIRECTION('Axis2P3D Direction',(0.,-1.,0.)) ;
#3016=DIRECTION('Axis2P3D XDirection',(1.,0.,0.)) ;
#3020=DIRECTION('Vector Direction',(1.,0.,0.)) ;
#3032=DIRECTION('Axis2P3D Direction',(0.,0.,1.)) ;
#3033=DIRECTION('Axis2P3D XDirection',(1.,0.,0.)) ;
#3061=DIRECTION('NONE',(1.,0.,0.)) ;
#3062=DIRECTION('NONE',(0.,0.,1.)) ;
#3063=DIRECTION('NONE',(-1.,0.,0.)) ;
#3064=DIRECTION('NONE',(0.,1.,0.)) ;
#3076=DIRECTION('NONE',(1.,0.,0.)) ;
#3077=DIRECTION('NONE',(0.,0.,1.)) ;
#3078=DIRECTION('NONE',(-1.,0.,0.)) ;
#3079=DIRECTION('NONE',(0.,1.,0.)) ;
#3091=DIRECTION('NONE',(1.,0.,0.)) ;
#3092=DIRECTION('NONE',(0.,0.,1.)) ;
#3093=DIRECTION('NONE',(-1.,0.,0.)) ;
#3094=DIRECTION('NONE',(0.,1.,0.)) ;
#3106=DIRECTION('NONE',(1.,0.,0.)) ;
#3107=DIRECTION('NONE',(0.,0.,1.)) ;
#3108=DIRECTION('NONE',(-1.,0.,0.)) ;
#3109=DIRECTION('NONE',(0.,1.,0.)) ;
#3121=DIRECTION('NONE',(1.,0.,0.)) ;
#3122=DIRECTION('NONE',(0.,0.,1.)) ;
#3123=DIRECTION('NONE',(-1.,0.,0.)) ;
#3124=DIRECTION('NONE',(0.,1.,0.)) ;
#3137=DIRECTION('Axis2P3D Direction',(-1.,0.,0.)) ;
#3138=DIRECTION('Axis2P3D XDirection',(0.,-1.,0.)) ;
#3142=DIRECTION('Vector Direction',(0.,-1.,0.)) ;
#3151=DIRECTION('Vector Direction',(0.,0.,1.)) ;
#3158=DIRECTION('Vector Direction',(0.,-1.,0.)) ;
#3165=DIRECTION('Vector Direction',(0.,0.,1.)) ;
#3177=DIRECTION('Axis2P3D Direction',(0.,1.,-0.)) ;
#3178=DIRECTION('Axis2P3D XDirection',(-1.,0.,0.)) ;
#3182=DIRECTION('Vector Direction',(-1.,0.,0.)) ;
#3189=DIRECTION('Vector Direction',(-1.,0.,0.)) ;
#3196=DIRECTION('Vector Direction',(0.,0.,1.)) ;
#3208=DIRECTION('Axis2P3D Direction',(0.,0.,1.)) ;
#3209=DIRECTION('Axis2P3D XDirection',(1.,0.,0.)) ;
#3213=DIRECTION('Vector Direction',(1.,0.,0.)) ;
#3222=DIRECTION('Vector Direction',(0.,1.,0.)) ;
#3229=DIRECTION('Vector Direction',(-1.,0.,0.)) ;
#3236=DIRECTION('Vector Direction',(0.,-1.,0.)) ;
#3247=DIRECTION('Vector Direction',(0.,1.,0.)) ;
#3254=DIRECTION('Vector Direction',(1.,0.,0.)) ;
#3266=DIRECTION('Axis2P3D Direction',(1.,0.,0.)) ;
#3267=DIRECTION('Axis2P3D XDirection',(0.,1.,0.)) ;
#3271=DIRECTION('Vector Direction',(0.,1.,0.)) ;
#3278=DIRECTION('Vector Direction',(0.,0.,1.)) ;
#3290=DIRECTION('Axis2P3D Direction',(0.,-1.,0.)) ;
#3291=DIRECTION('Axis2P3D XDirection',(1.,0.,0.)) ;
#3295=DIRECTION('Vector Direction',(0.,0.,1.)) ;
#3302=DIRECTION('Vector Direction',(1.,0.,0.)) ;
#3309=DIRECTION('Vector Direction',(0.,0.,1.)) ;
#3321=DIRECTION('Axis2P3D Direction',(1.,0.,0.)) ;
#3322=DIRECTION('Axis2P3D XDirection',(0.,1.,0.)) ;
#3326=DIRECTION('Vector Direction',(0.,1.,0.)) ;
#3333=DIRECTION('Vector Direction',(0.,0.,1.)) ;
#3345=DIRECTION('Axis2P3D Direction',(0.,1.,-0.)) ;
#3346=DIRECTION('Axis2P3D XDirection',(-1.,0.,0.)) ;
#3350=DIRECTION('Vector Direction',(-1.,0.,0.)) ;
#3357=DIRECTION('Vector Direction',(0.,0.,1.)) ;
#3369=DIRECTION('Axis2P3D Direction',(-1.,0.,0.)) ;
#3370=DIRECTION('Axis2P3D XDirection',(0.,-1.,0.)) ;
#3374=DIRECTION('Vector Direction',(0.,-1.,0.)) ;
#3386=DIRECTION('Axis2P3D Direction',(0.,-1.,0.)) ;
#3387=DIRECTION('Axis2P3D XDirection',(1.,0.,0.)) ;
#3391=DIRECTION('Vector Direction',(1.,0.,0.)) ;
#3403=DIRECTION('Axis2P3D Direction',(0.,0.,1.)) ;
#3404=DIRECTION('Axis2P3D XDirection',(1.,0.,0.)) ;
#3432=DIRECTION('NONE',(1.,0.,0.)) ;
#3433=DIRECTION('NONE',(0.,0.,1.)) ;
#3434=DIRECTION('NONE',(1.,0.,0.)) ;
#3435=DIRECTION('NONE',(0.,0.,1.)) ;
#3447=DIRECTION('NONE',(1.,0.,0.)) ;
#3448=DIRECTION('NONE',(0.,0.,1.)) ;
#3449=DIRECTION('NONE',(1.,0.,0.)) ;
#3450=DIRECTION('NONE',(0.,0.,1.)) ;
#3462=DIRECTION('NONE',(1.,0.,0.)) ;
#3463=DIRECTION('NONE',(0.,0.,1.)) ;
#3464=DIRECTION('NONE',(1.,0.,0.)) ;
#3465=DIRECTION('NONE',(0.,0.,1.)) ;
#3477=DIRECTION('NONE',(1.,0.,0.)) ;
#3478=DIRECTION('NONE',(0.,0.,1.)) ;
#3479=DIRECTION('NONE',(1.,0.,0.)) ;
#3480=DIRECTION('NONE',(0.,0.,1.)) ;
#3492=DIRECTION('NONE',(1.,0.,0.)) ;
#3493=DIRECTION('NONE',(0.,0.,1.)) ;
#3494=DIRECTION('NONE',(1.,0.,0.)) ;
#3495=DIRECTION('NONE',(0.,0.,1.)) ;
#3507=DIRECTION('NONE',(1.,0.,0.)) ;
#3508=DIRECTION('NONE',(0.,0.,1.)) ;
#3509=DIRECTION('NONE',(1.,0.,0.)) ;
#3510=DIRECTION('NONE',(0.,0.,1.)) ;
#3522=DIRECTION('NONE',(1.,0.,0.)) ;
#3523=DIRECTION('NONE',(0.,0.,1.)) ;
#3524=DIRECTION('NONE',(1.,0.,0.)) ;
#3525=DIRECTION('NONE',(0.,0.,1.)) ;
#3537=DIRECTION('NONE',(1.,0.,0.)) ;
#3538=DIRECTION('NONE',(0.,0.,1.)) ;
#3539=DIRECTION('NONE',(1.,0.,0.)) ;
#3540=DIRECTION('NONE',(0.,0.,1.)) ;
#3552=DIRECTION('NONE',(1.,0.,0.)) ;
#3553=DIRECTION('NONE',(0.,0.,1.)) ;
#3554=DIRECTION('NONE',(1.,0.,0.)) ;
#3555=DIRECTION('NONE',(0.,0.,1.)) ;
#3567=DIRECTION('NONE',(1.,0.,0.)) ;
#3568=DIRECTION('NONE',(0.,0.,1.)) ;
#3569=DIRECTION('NONE',(1.,0.,0.)) ;
#3570=DIRECTION('NONE',(0.,0.,1.)) ;
#3582=DIRECTION('NONE',(1.,0.,0.)) ;
#3583=DIRECTION('NONE',(0.,0.,1.)) ;
#3584=DIRECTION('NONE',(1.,0.,0.)) ;
#3585=DIRECTION('NONE',(0.,0.,1.)) ;
#3597=DIRECTION('NONE',(1.,0.,0.)) ;
#3598=DIRECTION('NONE',(0.,0.,1.)) ;
#3599=DIRECTION('NONE',(1.,0.,0.)) ;
#3600=DIRECTION('NONE',(0.,0.,1.)) ;
#3612=DIRECTION('NONE',(1.,0.,0.)) ;
#3613=DIRECTION('NONE',(0.,0.,1.)) ;
#3614=DIRECTION('NONE',(1.,0.,0.)) ;
#3615=DIRECTION('NONE',(0.,0.,1.)) ;
#3627=DIRECTION('NONE',(1.,0.,0.)) ;
#3628=DIRECTION('NONE',(0.,0.,1.)) ;
#3629=DIRECTION('NONE',(1.,0.,0.)) ;
#3630=DIRECTION('NONE',(0.,0.,1.)) ;
#3642=DIRECTION('NONE',(1.,0.,0.)) ;
#3643=DIRECTION('NONE',(0.,0.,1.)) ;
#3644=DIRECTION('NONE',(1.,0.,0.)) ;
#3645=DIRECTION('NONE',(0.,0.,1.)) ;
#3657=DIRECTION('NONE',(1.,0.,0.)) ;
#3658=DIRECTION('NONE',(0.,0.,1.)) ;
#3659=DIRECTION('NONE',(1.,0.,0.)) ;
#3660=DIRECTION('NONE',(0.,0.,1.)) ;
#3673=DIRECTION('Axis2P3D Direction',(0.,-1.,0.)) ;
#3674=DIRECTION('Axis2P3D XDirection',(0.,0.,-1.)) ;
#3678=DIRECTION('Vector Direction',(0.,0.,-1.)) ;
#3687=DIRECTION('Vector Direction',(1.,0.,0.)) ;
#3694=DIRECTION('Vector Direction',(0.,0.,-1.)) ;
#3701=DIRECTION('Vector Direction',(1.,0.,0.)) ;
#3713=DIRECTION('Axis2P3D Direction',(-0.,0.,1.)) ;
#3714=DIRECTION('Axis2P3D XDirection',(0.,-1.,0.)) ;
#3718=DIRECTION('Vector Direction',(0.,-1.,0.)) ;
#3725=DIRECTION('Vector Direction',(0.,-1.,0.)) ;
#3732=DIRECTION('Vector Direction',(1.,0.,0.)) ;
#3744=DIRECTION('Axis2P3D Direction',(1.,0.,0.)) ;
#3745=DIRECTION('Axis2P3D XDirection',(0.,1.,0.)) ;
#3749=DIRECTION('Vector Direction',(0.,1.,0.)) ;
#3758=DIRECTION('Vector Direction',(0.,0.,1.)) ;
#3765=DIRECTION('Vector Direction',(0.,-1.,0.)) ;
#3772=DIRECTION('Vector Direction',(0.,0.,-1.)) ;
#3783=DIRECTION('Vector Direction',(0.,0.,1.)) ;
#3790=DIRECTION('Vector Direction',(0.,1.,0.)) ;
#3802=DIRECTION('Axis2P3D Direction',(0.,1.,0.)) ;
#3803=DIRECTION('Axis2P3D XDirection',(0.,0.,1.)) ;
#3807=DIRECTION('Vector Direction',(0.,0.,1.)) ;
#3814=DIRECTION('Vector Direction',(1.,0.,0.)) ;
#3826=DIRECTION('Axis2P3D Direction',(0.,0.,-1.)) ;
#3827=DIRECTION('Axis2P3D XDirection',(0.,1.,0.)) ;
#3831=DIRECTION('Vector Direction',(1.,0.,0.)) ;
#3838=DIRECTION('Vector Direction',(0.,1.,0.)) ;
#3845=DIRECTION('Vector Direction',(1.,0.,0.)) ;
#3857=DIRECTION('Axis2P3D Direction',(0.,1.,0.)) ;
#3858=DIRECTION('Axis2P3D XDirection',(0.,0.,1.)) ;
#3862=DIRECTION('Vector Direction',(0.,0.,1.)) ;
#3869=DIRECTION('Vector Direction',(1.,0.,0.)) ;
#3881=DIRECTION('Axis2P3D Direction',(-0.,0.,1.)) ;
#3882=DIRECTION('Axis2P3D XDirection',(0.,-1.,0.)) ;
#3886=DIRECTION('Vector Direction',(0.,-1.,0.)) ;
#3893=DIRECTION('Vector Direction',(1.,0.,0.)) ;
#3905=DIRECTION('Axis2P3D Direction',(0.,-1.,0.)) ;
#3906=DIRECTION('Axis2P3D XDirection',(0.,0.,-1.)) ;
#3910=DIRECTION('Vector Direction',(0.,0.,-1.)) ;
#3922=DIRECTION('Axis2P3D Direction',(0.,0.,-1.)) ;
#3923=DIRECTION('Axis2P3D XDirection',(0.,1.,0.)) ;
#3927=DIRECTION('Vector Direction',(0.,1.,0.)) ;
#3939=DIRECTION('Axis2P3D Direction',(1.,0.,0.)) ;
#3940=DIRECTION('Axis2P3D XDirection',(0.,1.,0.)) ;
#3968=DIRECTION('NONE',(1.,0.,0.)) ;
#3969=DIRECTION('NONE',(0.,0.,1.)) ;
#3970=DIRECTION('NONE',(1.,0.,0.)) ;
#3971=DIRECTION('NONE',(0.,0.,1.)) ;
#3983=DIRECTION('NONE',(1.,0.,0.)) ;
#3984=DIRECTION('NONE',(0.,0.,1.)) ;
#3985=DIRECTION('NONE',(1.,0.,0.)) ;
#3986=DIRECTION('NONE',(0.,0.,1.)) ;
#3999=DIRECTION('Axis2P3D Direction',(0.,0.,-1.)) ;
#4000=DIRECTION('Axis2P3D XDirection',(0.,1.,0.)) ;
#4004=DIRECTION('Vector Direction',(1.,0.,0.)) ;
#4013=DIRECTION('Vector Direction',(0.,1.,0.)) ;
#4020=DIRECTION('Vector Direction',(1.,0.,0.)) ;
#4027=DIRECTION('Vector Direction',(0.,1.,0.)) ;
#4039=DIRECTION('Axis2P3D Direction',(0.,1.,0.)) ;
#4040=DIRECTION('Axis2P3D XDirection',(0.,0.,1.)) ;
#4044=DIRECTION('Vector Direction',(0.,0.,1.)) ;
#4051=DIRECTION('Vector Direction',(1.,0.,0.)) ;
#4058=DIRECTION('Vector Direction',(0.,0.,1.)) ;
#4070=DIRECTION('Axis2P3D Direction',(-0.,0.,1.)) ;
#4071=DIRECTION('Axis2P3D XDirection',(0.,-1.,0.)) ;
#4075=DIRECTION('Vector Direction',(0.,-1.,0.)) ;
#4082=DIRECTION('Vector Direction',(1.,0.,0.)) ;
#4089=DIRECTION('Vector Direction',(0.,-1.,0.)) ;
#4101=DIRECTION('Axis2P3D Direction',(0.,-1.,0.)) ;
#4102=DIRECTION('Axis2P3D XDirection',(0.,0.,-1.)) ;
#4106=DIRECTION('Vector Direction',(0.,0.,-1.)) ;
#4113=DIRECTION('Vector Direction',(1.,0.,0.)) ;
#4120=DIRECTION('Vector Direction',(0.,0.,-1.)) ;
#4132=DIRECTION('Axis2P3D Direction',(-0.,0.,1.)) ;
#4133=DIRECTION('Axis2P3D XDirection',(0.,-1.,0.)) ;
#4137=DIRECTION('Vector Direction',(0.,-1.,0.)) ;
#4144=DIRECTION('Vector Direction',(1.,0.,0.)) ;
#4151=DIRECTION('Vector Direction',(0.,-1.,0.)) ;
#4163=DIRECTION('Axis2P3D Direction',(0.,1.,0.)) ;
#4164=DIRECTION('Axis2P3D XDirection',(0.,0.,1.)) ;
#4168=DIRECTION('Vector Direction',(0.,0.,1.)) ;
#4175=DIRECTION('Vector Direction',(1.,0.,0.)) ;
#4182=DIRECTION('Vector Direction',(0.,0.,1.)) ;
#4194=DIRECTION('Vector Direction',(0.,-1.,0.)) ;
#4201=DIRECTION('Vector Direction',(1.,0.,0.)) ;
#4208=DIRECTION('Vector Direction',(0.,-1.,0.)) ;
#4220=DIRECTION('Axis2P3D Direction',(0.,-1.,0.)) ;
#4221=DIRECTION('Axis2P3D XDirection',(0.,0.,-1.)) ;
#4225=DIRECTION('Vector Direction',(0.,0.,-1.)) ;
#4230=DIRECTION('Vector Direction',(0.,0.,-1.)) ;
#4242=DIRECTION('Axis2P3D Direction',(1.,0.,0.)) ;
#4243=DIRECTION('Axis2P3D XDirection',(0.,1.,0.)) ;
#4258=DIRECTION('Axis2P3D Direction',(1.,0.,0.)) ;
#4259=DIRECTION('Axis2P3D XDirection',(0.,1.,0.)) ;
#4285=DIRECTION('NONE',(1.,0.,0.)) ;
#4286=DIRECTION('NONE',(0.,0.,1.)) ;
#4287=DIRECTION('NONE',(1.,0.,0.)) ;
#4288=DIRECTION('NONE',(0.,0.,1.)) ;
#4300=DIRECTION('NONE',(1.,0.,0.)) ;
#4301=DIRECTION('NONE',(0.,0.,1.)) ;
#4302=DIRECTION('NONE',(1.,0.,0.)) ;
#4303=DIRECTION('NONE',(0.,0.,1.)) ;
#4315=DIRECTION('NONE',(1.,0.,0.)) ;
#4316=DIRECTION('NONE',(0.,0.,1.)) ;
#4317=DIRECTION('NONE',(1.,0.,0.)) ;
#4318=DIRECTION('NONE',(0.,0.,1.)) ;
#4330=DIRECTION('NONE',(1.,0.,0.)) ;
#4331=DIRECTION('NONE',(0.,0.,1.)) ;
#4332=DIRECTION('NONE',(1.,0.,0.)) ;
#4333=DIRECTION('NONE',(0.,0.,1.)) ;
#4345=DIRECTION('NONE',(1.,0.,0.)) ;
#4346=DIRECTION('NONE',(0.,0.,1.)) ;
#4347=DIRECTION('NONE',(1.,0.,0.)) ;
#4348=DIRECTION('NONE',(0.,0.,1.)) ;
#4360=DIRECTION('NONE',(1.,0.,0.)) ;
#4361=DIRECTION('NONE',(0.,0.,1.)) ;
#4362=DIRECTION('NONE',(1.,0.,0.)) ;
#4363=DIRECTION('NONE',(0.,0.,1.)) ;
#4375=DIRECTION('NONE',(1.,0.,0.)) ;
#4376=DIRECTION('NONE',(0.,0.,1.)) ;
#4377=DIRECTION('NONE',(1.,0.,0.)) ;
#4378=DIRECTION('NONE',(0.,0.,1.)) ;
#4390=DIRECTION('NONE',(1.,0.,0.)) ;
#4391=DIRECTION('NONE',(0.,0.,1.)) ;
#4392=DIRECTION('NONE',(1.,0.,0.)) ;
#4393=DIRECTION('NONE',(0.,0.,1.)) ;
#66=AXIS2_PLACEMENT_3D('Plane Axis2P3D',#63,#64,#65) ;
#106=AXIS2_PLACEMENT_3D('Plane Axis2P3D',#103,#104,#105) ;
#137=AXIS2_PLACEMENT_3D('Plane Axis2P3D',#134,#135,#136) ;
#195=AXIS2_PLACEMENT_3D('Plane Axis2P3D',#192,#193,#194) ;
#219=AXIS2_PLACEMENT_3D('Plane Axis2P3D',#216,#217,#218) ;
#250=AXIS2_PLACEMENT_3D('Plane Axis2P3D',#247,#248,#249) ;
#274=AXIS2_PLACEMENT_3D('Plane Axis2P3D',#271,#272,#273) ;
#298=AXIS2_PLACEMENT_3D('Plane Axis2P3D',#295,#296,#297) ;
#315=AXIS2_PLACEMENT_3D('Plane Axis2P3D',#312,#313,#314) ;
#332=AXIS2_PLACEMENT_3D('Plane Axis2P3D',#329,#330,#331) ;
#355=AXIS2_PLACEMENT_3D(' ',#358,#362,#361) ;
#356=AXIS2_PLACEMENT_3D(' ',#357,#360,#359) ;
#370=AXIS2_PLACEMENT_3D(' ',#373,#377,#376) ;
#371=AXIS2_PLACEMENT_3D(' ',#372,#375,#374) ;
#385=AXIS2_PLACEMENT_3D(' ',#388,#392,#391) ;
#386=AXIS2_PLACEMENT_3D(' ',#387,#390,#389) ;
#400=AXIS2_PLACEMENT_3D(' ',#403,#407,#406) ;
#401=AXIS2_PLACEMENT_3D(' ',#402,#405,#404) ;
#415=AXIS2_PLACEMENT_3D(' ',#418,#422,#421) ;
#416=AXIS2_PLACEMENT_3D(' ',#417,#420,#419) ;
#430=AXIS2_PLACEMENT_3D(' ',#433,#437,#436) ;
#431=AXIS2_PLACEMENT_3D(' ',#432,#435,#434) ;
#445=AXIS2_PLACEMENT_3D(' ',#448,#452,#451) ;
#446=AXIS2_PLACEMENT_3D(' ',#447,#450,#449) ;
#460=AXIS2_PLACEMENT_3D(' ',#463,#467,#466) ;
#461=AXIS2_PLACEMENT_3D(' ',#462,#465,#464) ;
#475=AXIS2_PLACEMENT_3D(' ',#478,#482,#481) ;
#476=AXIS2_PLACEMENT_3D(' ',#477,#480,#479) ;
#490=AXIS2_PLACEMENT_3D(' ',#493,#497,#496) ;
#491=AXIS2_PLACEMENT_3D(' ',#492,#495,#494) ;
#505=AXIS2_PLACEMENT_3D(' ',#508,#512,#511) ;
#506=AXIS2_PLACEMENT_3D(' ',#507,#510,#509) ;
#527=AXIS2_PLACEMENT_3D('Plane Axis2P3D',#524,#525,#526) ;
#567=AXIS2_PLACEMENT_3D('Plane Axis2P3D',#564,#565,#566) ;
#598=AXIS2_PLACEMENT_3D('Plane Axis2P3D',#595,#596,#597) ;
#656=AXIS2_PLACEMENT_3D('Plane Axis2P3D',#653,#654,#655) ;
#680=AXIS2_PLACEMENT_3D('Plane Axis2P3D',#677,#678,#679) ;
#711=AXIS2_PLACEMENT_3D('Plane Axis2P3D',#708,#709,#710) ;
#735=AXIS2_PLACEMENT_3D('Plane Axis2P3D',#732,#733,#734) ;
#759=AXIS2_PLACEMENT_3D('Plane Axis2P3D',#756,#757,#758) ;
#776=AXIS2_PLACEMENT_3D('Plane Axis2P3D',#773,#774,#775) ;
#793=AXIS2_PLACEMENT_3D('Plane Axis2P3D',#790,#791,#792) ;
#816=AXIS2_PLACEMENT_3D(' ',#819,#823,#822) ;
#817=AXIS2_PLACEMENT_3D(' ',#818,#821,#820) ;
#831=AXIS2_PLACEMENT_3D(' ',#834,#838,#837) ;
#832=AXIS2_PLACEMENT_3D(' ',#833,#836,#835) ;
#846=AXIS2_PLACEMENT_3D(' ',#849,#853,#852) ;
#847=AXIS2_PLACEMENT_3D(' ',#848,#851,#850) ;
#861=AXIS2_PLACEMENT_3D(' ',#864,#868,#867) ;
#862=AXIS2_PLACEMENT_3D(' ',#863,#866,#865) ;
#876=AXIS2_PLACEMENT_3D(' ',#879,#883,#882) ;
#877=AXIS2_PLACEMENT_3D(' ',#878,#881,#880) ;
#891=AXIS2_PLACEMENT_3D(' ',#894,#898,#897) ;
#892=AXIS2_PLACEMENT_3D(' ',#893,#896,#895) ;
#906=AXIS2_PLACEMENT_3D(' ',#909,#913,#912) ;
#907=AXIS2_PLACEMENT_3D(' ',#908,#911,#910) ;
#928=AXIS2_PLACEMENT_3D('Plane Axis2P3D',#925,#926,#927) ;
#1002=AXIS2_PLACEMENT_3D('Plane Axis2P3D',#999,#1000,#1001) ;
#1033=AXIS2_PLACEMENT_3D('Plane Axis2P3D',#1030,#1031,#1032) ;
#1057=AXIS2_PLACEMENT_3D('Plane Axis2P3D',#1054,#1055,#1056) ;
#1081=AXIS2_PLACEMENT_3D('Plane Axis2P3D',#1078,#1079,#1080) ;
#1098=AXIS2_PLACEMENT_3D('Plane Axis2P3D',#1095,#1096,#1097) ;
#1144=AXIS2_PLACEMENT_3D('Plane Axis2P3D',#1141,#1142,#1143) ;
#1166=AXIS2_PLACEMENT_3D('Plane Axis2P3D',#1163,#1164,#1165) ;
#1183=AXIS2_PLACEMENT_3D('Plane Axis2P3D',#1180,#1181,#1182) ;
#1200=AXIS2_PLACEMENT_3D('Plane Axis2P3D',#1197,#1198,#1199) ;
#1217=AXIS2_PLACEMENT_3D(' ',#1220,#1224,#1223) ;
#1218=AXIS2_PLACEMENT_3D(' ',#1219,#1222,#1221) ;
#1232=AXIS2_PLACEMENT_3D(' ',#1235,#1239,#1238) ;
#1233=AXIS2_PLACEMENT_3D(' ',#1234,#1237,#1236) ;
#1247=AXIS2_PLACEMENT_3D(' ',#1250,#1254,#1253) ;
#1248=AXIS2_PLACEMENT_3D(' ',#1249,#1252,#1251) ;
#1262=AXIS2_PLACEMENT_3D(' ',#1265,#1269,#1268) ;
#1263=AXIS2_PLACEMENT_3D(' ',#1264,#1267,#1266) ;
#1277=AXIS2_PLACEMENT_3D(' ',#1280,#1284,#1283) ;
#1278=AXIS2_PLACEMENT_3D(' ',#1279,#1282,#1281) ;
#1292=AXIS2_PLACEMENT_3D(' ',#1295,#1299,#1298) ;
#1293=AXIS2_PLACEMENT_3D(' ',#1294,#1297,#1296) ;
#1307=AXIS2_PLACEMENT_3D(' ',#1310,#1314,#1313) ;
#1308=AXIS2_PLACEMENT_3D(' ',#1309,#1312,#1311) ;
#1322=AXIS2_PLACEMENT_3D(' ',#1325,#1329,#1328) ;
#1323=AXIS2_PLACEMENT_3D(' ',#1324,#1327,#1326) ;
#1337=AXIS2_PLACEMENT_3D(' ',#1340,#1344,#1343) ;
#1338=AXIS2_PLACEMENT_3D(' ',#1339,#1342,#1341) ;
#1359=AXIS2_PLACEMENT_3D('Plane Axis2P3D',#1356,#1357,#1358) ;
#1433=AXIS2_PLACEMENT_3D('Plane Axis2P3D',#1430,#1431,#1432) ;
#1464=AXIS2_PLACEMENT_3D('Plane Axis2P3D',#1461,#1462,#1463) ;
#1488=AXIS2_PLACEMENT_3D('Plane Axis2P3D',#1485,#1486,#1487) ;
#1512=AXIS2_PLACEMENT_3D('Plane Axis2P3D',#1509,#1510,#1511) ;
#1529=AXIS2_PLACEMENT_3D('Plane Axis2P3D',#1526,#1527,#1528) ;
#1575=AXIS2_PLACEMENT_3D('Plane Axis2P3D',#1572,#1573,#1574) ;
#1597=AXIS2_PLACEMENT_3D('Plane Axis2P3D',#1594,#1595,#1596) ;
#1614=AXIS2_PLACEMENT_3D('Plane Axis2P3D',#1611,#1612,#1613) ;
#1631=AXIS2_PLACEMENT_3D('Plane Axis2P3D',#1628,#1629,#1630) ;
#1648=AXIS2_PLACEMENT_3D(' ',#1651,#1655,#1654) ;
#1649=AXIS2_PLACEMENT_3D(' ',#1650,#1653,#1652) ;
#1663=AXIS2_PLACEMENT_3D(' ',#1666,#1670,#1669) ;
#1664=AXIS2_PLACEMENT_3D(' ',#1665,#1668,#1667) ;
#1678=AXIS2_PLACEMENT_3D(' ',#1681,#1685,#1684) ;
#1679=AXIS2_PLACEMENT_3D(' ',#1680,#1683,#1682) ;
#1693=AXIS2_PLACEMENT_3D(' ',#1696,#1700,#1699) ;
#1694=AXIS2_PLACEMENT_3D(' ',#1695,#1698,#1697) ;
#1715=AXIS2_PLACEMENT_3D('Plane Axis2P3D',#1712,#1713,#1714) ;
#1755=AXIS2_PLACEMENT_3D('Plane Axis2P3D',#1752,#1753,#1754) ;
#1786=AXIS2_PLACEMENT_3D('Plane Axis2P3D',#1783,#1784,#1785) ;
#1817=AXIS2_PLACEMENT_3D('Plane Axis2P3D',#1814,#1815,#1816) ;
#1848=AXIS2_PLACEMENT_3D('Plane Axis2P3D',#1845,#1846,#1847) ;
#1896=AXIS2_PLACEMENT_3D('Plane Axis2P3D',#1893,#1894,#1895) ;
#1910=AXIS2_PLACEMENT_3D('Plane Axis2P3D',#1907,#1908,#1909) ;
#1929=AXIS2_PLACEMENT_3D(' ',#1932,#1936,#1935) ;
#1930=AXIS2_PLACEMENT_3D(' ',#1931,#1934,#1933) ;
#1944=AXIS2_PLACEMENT_3D(' ',#1947,#1951,#1950) ;
#1945=AXIS2_PLACEMENT_3D(' ',#1946,#1949,#1948) ;
#1959=AXIS2_PLACEMENT_3D(' ',#1962,#1966,#1965) ;
#1960=AXIS2_PLACEMENT_3D(' ',#1961,#1964,#1963) ;
#1974=AXIS2_PLACEMENT_3D(' ',#1977,#1981,#1980) ;
#1975=AXIS2_PLACEMENT_3D(' ',#1976,#1979,#1978) ;
#1989=AXIS2_PLACEMENT_3D(' ',#1992,#1996,#1995) ;
#1990=AXIS2_PLACEMENT_3D(' ',#1991,#1994,#1993) ;
#2004=AXIS2_PLACEMENT_3D(' ',#2007,#2011,#2010) ;
#2005=AXIS2_PLACEMENT_3D(' ',#2006,#2009,#2008) ;
#2019=AXIS2_PLACEMENT_3D(' ',#2022,#2026,#2025) ;
#2020=AXIS2_PLACEMENT_3D(' ',#2021,#2024,#2023) ;
#2034=AXIS2_PLACEMENT_3D(' ',#2037,#2041,#2040) ;
#2035=AXIS2_PLACEMENT_3D(' ',#2036,#2039,#2038) ;
#2049=AXIS2_PLACEMENT_3D(' ',#2052,#2056,#2055) ;
#2050=AXIS2_PLACEMENT_3D(' ',#2051,#2054,#2053) ;
#2064=AXIS2_PLACEMENT_3D(' ',#2067,#2071,#2070) ;
#2065=AXIS2_PLACEMENT_3D(' ',#2066,#2069,#2068) ;
#2079=AXIS2_PLACEMENT_3D(' ',#2082,#2086,#2085) ;
#2080=AXIS2_PLACEMENT_3D(' ',#2081,#2084,#2083) ;
#2101=AXIS2_PLACEMENT_3D('Plane Axis2P3D',#2098,#2099,#2100) ;
#2141=AXIS2_PLACEMENT_3D('Plane Axis2P3D',#2138,#2139,#2140) ;
#2172=AXIS2_PLACEMENT_3D('Plane Axis2P3D',#2169,#2170,#2171) ;
#2230=AXIS2_PLACEMENT_3D('Plane Axis2P3D',#2227,#2228,#2229) ;
#2254=AXIS2_PLACEMENT_3D('Plane Axis2P3D',#2251,#2252,#2253) ;
#2285=AXIS2_PLACEMENT_3D('Plane Axis2P3D',#2282,#2283,#2284) ;
#2309=AXIS2_PLACEMENT_3D('Plane Axis2P3D',#2306,#2307,#2308) ;
#2333=AXIS2_PLACEMENT_3D('Plane Axis2P3D',#2330,#2331,#2332) ;
#2350=AXIS2_PLACEMENT_3D('Plane Axis2P3D',#2347,#2348,#2349) ;
#2367=AXIS2_PLACEMENT_3D('Plane Axis2P3D',#2364,#2365,#2366) ;
#2390=AXIS2_PLACEMENT_3D(' ',#2393,#2397,#2396) ;
#2391=AXIS2_PLACEMENT_3D(' ',#2392,#2395,#2394) ;
#2412=AXIS2_PLACEMENT_3D('Plane Axis2P3D',#2409,#2410,#2411) ;
#2452=AXIS2_PLACEMENT_3D('Plane Axis2P3D',#2449,#2450,#2451) ;
#2483=AXIS2_PLACEMENT_3D('Plane Axis2P3D',#2480,#2481,#2482) ;
#2541=AXIS2_PLACEMENT_3D('Plane Axis2P3D',#2538,#2539,#2540) ;
#2565=AXIS2_PLACEMENT_3D('Plane Axis2P3D',#2562,#2563,#2564) ;
#2596=AXIS2_PLACEMENT_3D('Plane Axis2P3D',#2593,#2594,#2595) ;
#2620=AXIS2_PLACEMENT_3D('Plane Axis2P3D',#2617,#2618,#2619) ;
#2644=AXIS2_PLACEMENT_3D('Plane Axis2P3D',#2641,#2642,#2643) ;
#2661=AXIS2_PLACEMENT_3D('Plane Axis2P3D',#2658,#2659,#2660) ;
#2678=AXIS2_PLACEMENT_3D('Plane Axis2P3D',#2675,#2676,#2677) ;
#2701=AXIS2_PLACEMENT_3D(' ',#2704,#2708,#2707) ;
#2702=AXIS2_PLACEMENT_3D(' ',#2703,#2706,#2705) ;
#2716=AXIS2_PLACEMENT_3D(' ',#2719,#2723,#2722) ;
#2717=AXIS2_PLACEMENT_3D(' ',#2718,#2721,#2720) ;
#2731=AXIS2_PLACEMENT_3D(' ',#2734,#2738,#2737) ;
#2732=AXIS2_PLACEMENT_3D(' ',#2733,#2736,#2735) ;
#2746=AXIS2_PLACEMENT_3D(' ',#2749,#2753,#2752) ;
#2747=AXIS2_PLACEMENT_3D(' ',#2748,#2751,#2750) ;
#2768=AXIS2_PLACEMENT_3D('Plane Axis2P3D',#2765,#2766,#2767) ;
#2808=AXIS2_PLACEMENT_3D('Plane Axis2P3D',#2805,#2806,#2807) ;
#2839=AXIS2_PLACEMENT_3D('Plane Axis2P3D',#2836,#2837,#2838) ;
#2897=AXIS2_PLACEMENT_3D('Plane Axis2P3D',#2894,#2895,#2896) ;
#2921=AXIS2_PLACEMENT_3D('Plane Axis2P3D',#2918,#2919,#2920) ;
#2952=AXIS2_PLACEMENT_3D('Plane Axis2P3D',#2949,#2950,#2951) ;
#2976=AXIS2_PLACEMENT_3D('Plane Axis2P3D',#2973,#2974,#2975) ;
#3000=AXIS2_PLACEMENT_3D('Plane Axis2P3D',#2997,#2998,#2999) ;
#3017=AXIS2_PLACEMENT_3D('Plane Axis2P3D',#3014,#3015,#3016) ;
#3034=AXIS2_PLACEMENT_3D('Plane Axis2P3D',#3031,#3032,#3033) ;
#3057=AXIS2_PLACEMENT_3D(' ',#3060,#3064,#3063) ;
#3058=AXIS2_PLACEMENT_3D(' ',#3059,#3062,#3061) ;
#3072=AXIS2_PLACEMENT_3D(' ',#3075,#3079,#3078) ;
#3073=AXIS2_PLACEMENT_3D(' ',#3074,#3077,#3076) ;
#3087=AXIS2_PLACEMENT_3D(' ',#3090,#3094,#3093) ;
#3088=AXIS2_PLACEMENT_3D(' ',#3089,#3092,#3091) ;
#3102=AXIS2_PLACEMENT_3D(' ',#3105,#3109,#3108) ;
#3103=AXIS2_PLACEMENT_3D(' ',#3104,#3107,#3106) ;
#3117=AXIS2_PLACEMENT_3D(' ',#3120,#3124,#3123) ;
#3118=AXIS2_PLACEMENT_3D(' ',#3119,#3122,#3121) ;
#3139=AXIS2_PLACEMENT_3D('Plane Axis2P3D',#3136,#3137,#3138) ;
#3179=AXIS2_PLACEMENT_3D('Plane Axis2P3D',#3176,#3177,#3178) ;
#3210=AXIS2_PLACEMENT_3D('Plane Axis2P3D',#3207,#3208,#3209) ;
#3268=AXIS2_PLACEMENT_3D('Plane Axis2P3D',#3265,#3266,#3267) ;
#3292=AXIS2_PLACEMENT_3D('Plane Axis2P3D',#3289,#3290,#3291) ;
#3323=AXIS2_PLACEMENT_3D('Plane Axis2P3D',#3320,#3321,#3322) ;
#3347=AXIS2_PLACEMENT_3D('Plane Axis2P3D',#3344,#3345,#3346) ;
#3371=AXIS2_PLACEMENT_3D('Plane Axis2P3D',#3368,#3369,#3370) ;
#3388=AXIS2_PLACEMENT_3D('Plane Axis2P3D',#3385,#3386,#3387) ;
#3405=AXIS2_PLACEMENT_3D('Plane Axis2P3D',#3402,#3403,#3404) ;
#3428=AXIS2_PLACEMENT_3D(' ',#3431,#3435,#3434) ;
#3429=AXIS2_PLACEMENT_3D(' ',#3430,#3433,#3432) ;
#3443=AXIS2_PLACEMENT_3D(' ',#3446,#3450,#3449) ;
#3444=AXIS2_PLACEMENT_3D(' ',#3445,#3448,#3447) ;
#3458=AXIS2_PLACEMENT_3D(' ',#3461,#3465,#3464) ;
#3459=AXIS2_PLACEMENT_3D(' ',#3460,#3463,#3462) ;
#3473=AXIS2_PLACEMENT_3D(' ',#3476,#3480,#3479) ;
#3474=AXIS2_PLACEMENT_3D(' ',#3475,#3478,#3477) ;
#3488=AXIS2_PLACEMENT_3D(' ',#3491,#3495,#3494) ;
#3489=AXIS2_PLACEMENT_3D(' ',#3490,#3493,#3492) ;
#3503=AXIS2_PLACEMENT_3D(' ',#3506,#3510,#3509) ;
#3504=AXIS2_PLACEMENT_3D(' ',#3505,#3508,#3507) ;
#3518=AXIS2_PLACEMENT_3D(' ',#3521,#3525,#3524) ;
#3519=AXIS2_PLACEMENT_3D(' ',#3520,#3523,#3522) ;
#3533=AXIS2_PLACEMENT_3D(' ',#3536,#3540,#3539) ;
#3534=AXIS2_PLACEMENT_3D(' ',#3535,#3538,#3537) ;
#3548=AXIS2_PLACEMENT_3D(' ',#3551,#3555,#3554) ;
#3549=AXIS2_PLACEMENT_3D(' ',#3550,#3553,#3552) ;
#3563=AXIS2_PLACEMENT_3D(' ',#3566,#3570,#3569) ;
#3564=AXIS2_PLACEMENT_3D(' ',#3565,#3568,#3567) ;
#3578=AXIS2_PLACEMENT_3D(' ',#3581,#3585,#3584) ;
#3579=AXIS2_PLACEMENT_3D(' ',#3580,#3583,#3582) ;
#3593=AXIS2_PLACEMENT_3D(' ',#3596,#3600,#3599) ;
#3594=AXIS2_PLACEMENT_3D(' ',#3595,#3598,#3597) ;
#3608=AXIS2_PLACEMENT_3D(' ',#3611,#3615,#3614) ;
#3609=AXIS2_PLACEMENT_3D(' ',#3610,#3613,#3612) ;
#3623=AXIS2_PLACEMENT_3D(' ',#3626,#3630,#3629) ;
#3624=AXIS2_PLACEMENT_3D(' ',#3625,#3628,#3627) ;
#3638=AXIS2_PLACEMENT_3D(' ',#3641,#3645,#3644) ;
#3639=AXIS2_PLACEMENT_3D(' ',#3640,#3643,#3642) ;
#3653=AXIS2_PLACEMENT_3D(' ',#3656,#3660,#3659) ;
#3654=AXIS2_PLACEMENT_3D(' ',#3655,#3658,#3657) ;
#3675=AXIS2_PLACEMENT_3D('Plane Axis2P3D',#3672,#3673,#3674) ;
#3715=AXIS2_PLACEMENT_3D('Plane Axis2P3D',#3712,#3713,#3714) ;
#3746=AXIS2_PLACEMENT_3D('Plane Axis2P3D',#3743,#3744,#3745) ;
#3804=AXIS2_PLACEMENT_3D('Plane Axis2P3D',#3801,#3802,#3803) ;
#3828=AXIS2_PLACEMENT_3D('Plane Axis2P3D',#3825,#3826,#3827) ;
#3859=AXIS2_PLACEMENT_3D('Plane Axis2P3D',#3856,#3857,#3858) ;
#3883=AXIS2_PLACEMENT_3D('Plane Axis2P3D',#3880,#3881,#3882) ;
#3907=AXIS2_PLACEMENT_3D('Plane Axis2P3D',#3904,#3905,#3906) ;
#3924=AXIS2_PLACEMENT_3D('Plane Axis2P3D',#3921,#3922,#3923) ;
#3941=AXIS2_PLACEMENT_3D('Plane Axis2P3D',#3938,#3939,#3940) ;
#3964=AXIS2_PLACEMENT_3D(' ',#3967,#3971,#3970) ;
#3965=AXIS2_PLACEMENT_3D(' ',#3966,#3969,#3968) ;
#3979=AXIS2_PLACEMENT_3D(' ',#3982,#3986,#3985) ;
#3980=AXIS2_PLACEMENT_3D(' ',#3981,#3984,#3983) ;
#4001=AXIS2_PLACEMENT_3D('Plane Axis2P3D',#3998,#3999,#4000) ;
#4041=AXIS2_PLACEMENT_3D('Plane Axis2P3D',#4038,#4039,#4040) ;
#4072=AXIS2_PLACEMENT_3D('Plane Axis2P3D',#4069,#4070,#4071) ;
#4103=AXIS2_PLACEMENT_3D('Plane Axis2P3D',#4100,#4101,#4102) ;
#4134=AXIS2_PLACEMENT_3D('Plane Axis2P3D',#4131,#4132,#4133) ;
#4165=AXIS2_PLACEMENT_3D('Plane Axis2P3D',#4162,#4163,#4164) ;
#4222=AXIS2_PLACEMENT_3D('Plane Axis2P3D',#4219,#4220,#4221) ;
#4244=AXIS2_PLACEMENT_3D('Plane Axis2P3D',#4241,#4242,#4243) ;
#4260=AXIS2_PLACEMENT_3D('Plane Axis2P3D',#4257,#4258,#4259) ;
#4281=AXIS2_PLACEMENT_3D(' ',#4284,#4288,#4287) ;
#4282=AXIS2_PLACEMENT_3D(' ',#4283,#4286,#4285) ;
#4296=AXIS2_PLACEMENT_3D(' ',#4299,#4303,#4302) ;
#4297=AXIS2_PLACEMENT_3D(' ',#4298,#4301,#4300) ;
#4311=AXIS2_PLACEMENT_3D(' ',#4314,#4318,#4317) ;
#4312=AXIS2_PLACEMENT_3D(' ',#4313,#4316,#4315) ;
#4326=AXIS2_PLACEMENT_3D(' ',#4329,#4333,#4332) ;
#4327=AXIS2_PLACEMENT_3D(' ',#4328,#4331,#4330) ;
#4341=AXIS2_PLACEMENT_3D(' ',#4344,#4348,#4347) ;
#4342=AXIS2_PLACEMENT_3D(' ',#4343,#4346,#4345) ;
#4356=AXIS2_PLACEMENT_3D(' ',#4359,#4363,#4362) ;
#4357=AXIS2_PLACEMENT_3D(' ',#4358,#4361,#4360) ;
#4371=AXIS2_PLACEMENT_3D(' ',#4374,#4378,#4377) ;
#4372=AXIS2_PLACEMENT_3D(' ',#4373,#4376,#4375) ;
#4386=AXIS2_PLACEMENT_3D(' ',#4389,#4393,#4392) ;
#4387=AXIS2_PLACEMENT_3D(' ',#4388,#4391,#4390) ;
#45=PRODUCT_DEFINITION_SHAPE(' ',' ',#17) ;
#61=PRODUCT_DEFINITION_SHAPE(' ',' ',#58) ;
#351=PRODUCT_DEFINITION_SHAPE(' ',' ',#350) ;
#366=PRODUCT_DEFINITION_SHAPE(' ',' ',#365) ;
#381=PRODUCT_DEFINITION_SHAPE(' ',' ',#380) ;
#396=PRODUCT_DEFINITION_SHAPE(' ',' ',#395) ;
#411=PRODUCT_DEFINITION_SHAPE(' ',' ',#410) ;
#426=PRODUCT_DEFINITION_SHAPE(' ',' ',#425) ;
#441=PRODUCT_DEFINITION_SHAPE(' ',' ',#440) ;
#456=PRODUCT_DEFINITION_SHAPE(' ',' ',#455) ;
#471=PRODUCT_DEFINITION_SHAPE(' ',' ',#470) ;
#486=PRODUCT_DEFINITION_SHAPE(' ',' ',#485) ;
#501=PRODUCT_DEFINITION_SHAPE(' ',' ',#500) ;
#522=PRODUCT_DEFINITION_SHAPE(' ',' ',#519) ;
#812=PRODUCT_DEFINITION_SHAPE(' ',' ',#811) ;
#827=PRODUCT_DEFINITION_SHAPE(' ',' ',#826) ;
#842=PRODUCT_DEFINITION_SHAPE(' ',' ',#841) ;
#857=PRODUCT_DEFINITION_SHAPE(' ',' ',#856) ;
#872=PRODUCT_DEFINITION_SHAPE(' ',' ',#871) ;
#887=PRODUCT_DEFINITION_SHAPE(' ',' ',#886) ;
#902=PRODUCT_DEFINITION_SHAPE(' ',' ',#901) ;
#923=PRODUCT_DEFINITION_SHAPE(' ',' ',#920) ;
#1213=PRODUCT_DEFINITION_SHAPE(' ',' ',#1212) ;
#1228=PRODUCT_DEFINITION_SHAPE(' ',' ',#1227) ;
#1243=PRODUCT_DEFINITION_SHAPE(' ',' ',#1242) ;
#1258=PRODUCT_DEFINITION_SHAPE(' ',' ',#1257) ;
#1273=PRODUCT_DEFINITION_SHAPE(' ',' ',#1272) ;
#1288=PRODUCT_DEFINITION_SHAPE(' ',' ',#1287) ;
#1303=PRODUCT_DEFINITION_SHAPE(' ',' ',#1302) ;
#1318=PRODUCT_DEFINITION_SHAPE(' ',' ',#1317) ;
#1333=PRODUCT_DEFINITION_SHAPE(' ',' ',#1332) ;
#1354=PRODUCT_DEFINITION_SHAPE(' ',' ',#1351) ;
#1644=PRODUCT_DEFINITION_SHAPE(' ',' ',#1643) ;
#1659=PRODUCT_DEFINITION_SHAPE(' ',' ',#1658) ;
#1674=PRODUCT_DEFINITION_SHAPE(' ',' ',#1673) ;
#1689=PRODUCT_DEFINITION_SHAPE(' ',' ',#1688) ;
#1710=PRODUCT_DEFINITION_SHAPE(' ',' ',#1707) ;
#1925=PRODUCT_DEFINITION_SHAPE(' ',' ',#1924) ;
#1940=PRODUCT_DEFINITION_SHAPE(' ',' ',#1939) ;
#1955=PRODUCT_DEFINITION_SHAPE(' ',' ',#1954) ;
#1970=PRODUCT_DEFINITION_SHAPE(' ',' ',#1969) ;
#1985=PRODUCT_DEFINITION_SHAPE(' ',' ',#1984) ;
#2000=PRODUCT_DEFINITION_SHAPE(' ',' ',#1999) ;
#2015=PRODUCT_DEFINITION_SHAPE(' ',' ',#2014) ;
#2030=PRODUCT_DEFINITION_SHAPE(' ',' ',#2029) ;
#2045=PRODUCT_DEFINITION_SHAPE(' ',' ',#2044) ;
#2060=PRODUCT_DEFINITION_SHAPE(' ',' ',#2059) ;
#2075=PRODUCT_DEFINITION_SHAPE(' ',' ',#2074) ;
#2096=PRODUCT_DEFINITION_SHAPE(' ',' ',#2093) ;
#2386=PRODUCT_DEFINITION_SHAPE(' ',' ',#2385) ;
#2407=PRODUCT_DEFINITION_SHAPE(' ',' ',#2404) ;
#2697=PRODUCT_DEFINITION_SHAPE(' ',' ',#2696) ;
#2712=PRODUCT_DEFINITION_SHAPE(' ',' ',#2711) ;
#2727=PRODUCT_DEFINITION_SHAPE(' ',' ',#2726) ;
#2742=PRODUCT_DEFINITION_SHAPE(' ',' ',#2741) ;
#2763=PRODUCT_DEFINITION_SHAPE(' ',' ',#2760) ;
#3053=PRODUCT_DEFINITION_SHAPE(' ',' ',#3052) ;
#3068=PRODUCT_DEFINITION_SHAPE(' ',' ',#3067) ;
#3083=PRODUCT_DEFINITION_SHAPE(' ',' ',#3082) ;
#3098=PRODUCT_DEFINITION_SHAPE(' ',' ',#3097) ;
#3113=PRODUCT_DEFINITION_SHAPE(' ',' ',#3112) ;
#3134=PRODUCT_DEFINITION_SHAPE(' ',' ',#3131) ;
#3424=PRODUCT_DEFINITION_SHAPE(' ',' ',#3423) ;
#3439=PRODUCT_DEFINITION_SHAPE(' ',' ',#3438) ;
#3454=PRODUCT_DEFINITION_SHAPE(' ',' ',#3453) ;
#3469=PRODUCT_DEFINITION_SHAPE(' ',' ',#3468) ;
#3484=PRODUCT_DEFINITION_SHAPE(' ',' ',#3483) ;
#3499=PRODUCT_DEFINITION_SHAPE(' ',' ',#3498) ;
#3514=PRODUCT_DEFINITION_SHAPE(' ',' ',#3513) ;
#3529=PRODUCT_DEFINITION_SHAPE(' ',' ',#3528) ;
#3544=PRODUCT_DEFINITION_SHAPE(' ',' ',#3543) ;
#3559=PRODUCT_DEFINITION_SHAPE(' ',' ',#3558) ;
#3574=PRODUCT_DEFINITION_SHAPE(' ',' ',#3573) ;
#3589=PRODUCT_DEFINITION_SHAPE(' ',' ',#3588) ;
#3604=PRODUCT_DEFINITION_SHAPE(' ',' ',#3603) ;
#3619=PRODUCT_DEFINITION_SHAPE(' ',' ',#3618) ;
#3634=PRODUCT_DEFINITION_SHAPE(' ',' ',#3633) ;
#3649=PRODUCT_DEFINITION_SHAPE(' ',' ',#3648) ;
#3670=PRODUCT_DEFINITION_SHAPE(' ',' ',#3667) ;
#3960=PRODUCT_DEFINITION_SHAPE(' ',' ',#3959) ;
#3975=PRODUCT_DEFINITION_SHAPE(' ',' ',#3974) ;
#3996=PRODUCT_DEFINITION_SHAPE(' ',' ',#3993) ;
#4277=PRODUCT_DEFINITION_SHAPE(' ',' ',#4276) ;
#4292=PRODUCT_DEFINITION_SHAPE(' ',' ',#4291) ;
#4307=PRODUCT_DEFINITION_SHAPE(' ',' ',#4306) ;
#4322=PRODUCT_DEFINITION_SHAPE(' ',' ',#4321) ;
#4337=PRODUCT_DEFINITION_SHAPE(' ',' ',#4336) ;
#4352=PRODUCT_DEFINITION_SHAPE(' ',' ',#4351) ;
#4367=PRODUCT_DEFINITION_SHAPE(' ',' ',#4366) ;
#4382=PRODUCT_DEFINITION_SHAPE(' ',' ',#4381) ;
#34=APPROVAL_PERSON_ORGANIZATION(#28,#24,#22) ;
#28=PERSON_AND_ORGANIZATION(#25,#26) ;
#25=PERSON(' ',' ',' ',$,$,$) ;
#26=ORGANIZATION(' ',' ',' ') ;
#24=APPROVAL(#23,' ') ;
#23=APPROVAL_STATUS('not_yet_approved') ;
#22=APPROVAL_ROLE('APPROVER') ;
#13=DATE_AND_TIME(#11,#12) ;
#12=LOCAL_TIME(2,52,31.,#10) ;
#10=COORDINATED_UNIVERSAL_TIME_OFFSET(0,0,.AHEAD.) ;
#97=ORIENTED_EDGE('',*,*,#76,.T.) ;
#98=ORIENTED_EDGE('',*,*,#83,.F.) ;
#99=ORIENTED_EDGE('',*,*,#90,.F.) ;
#100=ORIENTED_EDGE('',*,*,#95,.T.) ;
#128=ORIENTED_EDGE('',*,*,#114,.T.) ;
#129=ORIENTED_EDGE('',*,*,#95,.F.) ;
#130=ORIENTED_EDGE('',*,*,#121,.F.) ;
#131=ORIENTED_EDGE('',*,*,#126,.T.) ;
#168=ORIENTED_EDGE('',*,*,#147,.T.) ;
#169=ORIENTED_EDGE('',*,*,#154,.T.) ;
#170=ORIENTED_EDGE('',*,*,#161,.T.) ;
#171=ORIENTED_EDGE('',*,*,#166,.T.) ;
#186=ORIENTED_EDGE('',*,*,#114,.F.) ;
#187=ORIENTED_EDGE('',*,*,#179,.F.) ;
#188=ORIENTED_EDGE('',*,*,#184,.F.) ;
#189=ORIENTED_EDGE('',*,*,#76,.F.) ;
#210=ORIENTED_EDGE('',*,*,#179,.T.) ;
#211=ORIENTED_EDGE('',*,*,#126,.F.) ;
#212=ORIENTED_EDGE('',*,*,#203,.F.) ;
#213=ORIENTED_EDGE('',*,*,#208,.T.) ;
#241=ORIENTED_EDGE('',*,*,#227,.F.) ;
#242=ORIENTED_EDGE('',*,*,#234,.T.) ;
#243=ORIENTED_EDGE('',*,*,#239,.T.) ;
#244=ORIENTED_EDGE('',*,*,#147,.F.) ;
#265=ORIENTED_EDGE('',*,*,#239,.F.) ;
#266=ORIENTED_EDGE('',*,*,#258,.T.) ;
#267=ORIENTED_EDGE('',*,*,#263,.T.) ;
#268=ORIENTED_EDGE('',*,*,#154,.F.) ;
#289=ORIENTED_EDGE('',*,*,#263,.F.) ;
#290=ORIENTED_EDGE('',*,*,#282,.T.) ;
#291=ORIENTED_EDGE('',*,*,#287,.T.) ;
#292=ORIENTED_EDGE('',*,*,#161,.F.) ;
#306=ORIENTED_EDGE('',*,*,#287,.F.) ;
#307=ORIENTED_EDGE('',*,*,#304,.T.) ;
#308=ORIENTED_EDGE('',*,*,#227,.T.) ;
#309=ORIENTED_EDGE('',*,*,#166,.F.) ;
#323=ORIENTED_EDGE('',*,*,#184,.T.) ;
#324=ORIENTED_EDGE('',*,*,#208,.F.) ;
#325=ORIENTED_EDGE('',*,*,#321,.F.) ;
#326=ORIENTED_EDGE('',*,*,#83,.T.) ;
#335=ORIENTED_EDGE('',*,*,#304,.F.) ;
#336=ORIENTED_EDGE('',*,*,#282,.F.) ;
#337=ORIENTED_EDGE('',*,*,#258,.F.) ;
#338=ORIENTED_EDGE('',*,*,#234,.F.) ;
#341=ORIENTED_EDGE('',*,*,#90,.T.) ;
#342=ORIENTED_EDGE('',*,*,#321,.T.) ;
#343=ORIENTED_EDGE('',*,*,#203,.T.) ;
#344=ORIENTED_EDGE('',*,*,#121,.T.) ;
#558=ORIENTED_EDGE('',*,*,#537,.T.) ;
#559=ORIENTED_EDGE('',*,*,#544,.F.) ;
#560=ORIENTED_EDGE('',*,*,#551,.F.) ;
#561=ORIENTED_EDGE('',*,*,#556,.T.) ;
#589=ORIENTED_EDGE('',*,*,#575,.T.) ;
#590=ORIENTED_EDGE('',*,*,#556,.F.) ;
#591=ORIENTED_EDGE('',*,*,#582,.F.) ;
#592=ORIENTED_EDGE('',*,*,#587,.T.) ;
#629=ORIENTED_EDGE('',*,*,#608,.T.) ;
#630=ORIENTED_EDGE('',*,*,#615,.T.) ;
#631=ORIENTED_EDGE('',*,*,#622,.T.) ;
#632=ORIENTED_EDGE('',*,*,#627,.T.) ;
#647=ORIENTED_EDGE('',*,*,#575,.F.) ;
#648=ORIENTED_EDGE('',*,*,#640,.F.) ;
#649=ORIENTED_EDGE('',*,*,#645,.F.) ;
#650=ORIENTED_EDGE('',*,*,#537,.F.) ;
#671=ORIENTED_EDGE('',*,*,#640,.T.) ;
#672=ORIENTED_EDGE('',*,*,#587,.F.) ;
#673=ORIENTED_EDGE('',*,*,#664,.F.) ;
#674=ORIENTED_EDGE('',*,*,#669,.T.) ;
#702=ORIENTED_EDGE('',*,*,#688,.F.) ;
#703=ORIENTED_EDGE('',*,*,#695,.T.) ;
#704=ORIENTED_EDGE('',*,*,#700,.T.) ;
#705=ORIENTED_EDGE('',*,*,#608,.F.) ;
#726=ORIENTED_EDGE('',*,*,#700,.F.) ;
#727=ORIENTED_EDGE('',*,*,#719,.T.) ;
#728=ORIENTED_EDGE('',*,*,#724,.T.) ;
#729=ORIENTED_EDGE('',*,*,#615,.F.) ;
#750=ORIENTED_EDGE('',*,*,#724,.F.) ;
#751=ORIENTED_EDGE('',*,*,#743,.T.) ;
#752=ORIENTED_EDGE('',*,*,#748,.T.) ;
#753=ORIENTED_EDGE('',*,*,#622,.F.) ;
#767=ORIENTED_EDGE('',*,*,#748,.F.) ;
#768=ORIENTED_EDGE('',*,*,#765,.T.) ;
#769=ORIENTED_EDGE('',*,*,#688,.T.) ;
#770=ORIENTED_EDGE('',*,*,#627,.F.) ;
#784=ORIENTED_EDGE('',*,*,#645,.T.) ;
#785=ORIENTED_EDGE('',*,*,#669,.F.) ;
#786=ORIENTED_EDGE('',*,*,#782,.F.) ;
#787=ORIENTED_EDGE('',*,*,#544,.T.) ;
#796=ORIENTED_EDGE('',*,*,#765,.F.) ;
#797=ORIENTED_EDGE('',*,*,#743,.F.) ;
#798=ORIENTED_EDGE('',*,*,#719,.F.) ;
#799=ORIENTED_EDGE('',*,*,#695,.F.) ;
#802=ORIENTED_EDGE('',*,*,#551,.T.) ;
#803=ORIENTED_EDGE('',*,*,#782,.T.) ;
#804=ORIENTED_EDGE('',*,*,#664,.T.) ;
#805=ORIENTED_EDGE('',*,*,#582,.T.) ;
#959=ORIENTED_EDGE('',*,*,#938,.F.) ;
#960=ORIENTED_EDGE('',*,*,#945,.T.) ;
#961=ORIENTED_EDGE('',*,*,#952,.T.) ;
#962=ORIENTED_EDGE('',*,*,#957,.T.) ;
#993=ORIENTED_EDGE('',*,*,#972,.T.) ;
#994=ORIENTED_EDGE('',*,*,#979,.F.) ;
#995=ORIENTED_EDGE('',*,*,#986,.F.) ;
#996=ORIENTED_EDGE('',*,*,#991,.T.) ;
#1024=ORIENTED_EDGE('',*,*,#1012,.T.) ;
#1025=ORIENTED_EDGE('',*,*,#1017,.F.) ;
#1026=ORIENTED_EDGE('',*,*,#945,.F.) ;
#1027=ORIENTED_EDGE('',*,*,#1022,.T.) ;
#1048=ORIENTED_EDGE('',*,*,#1041,.T.) ;
#1049=ORIENTED_EDGE('',*,*,#1046,.F.) ;
#1050=ORIENTED_EDGE('',*,*,#952,.F.) ;
#1051=ORIENTED_EDGE('',*,*,#1017,.T.) ;
#1072=ORIENTED_EDGE('',*,*,#1065,.T.) ;
#1073=ORIENTED_EDGE('',*,*,#1070,.F.) ;
#1074=ORIENTED_EDGE('',*,*,#957,.F.) ;
#1075=ORIENTED_EDGE('',*,*,#1046,.T.) ;
#1089=ORIENTED_EDGE('',*,*,#1070,.T.) ;
#1090=ORIENTED_EDGE('',*,*,#1087,.T.) ;
#1091=ORIENTED_EDGE('',*,*,#1022,.F.) ;
#1092=ORIENTED_EDGE('',*,*,#938,.T.) ;
#1101=ORIENTED_EDGE('',*,*,#1087,.F.) ;
#1102=ORIENTED_EDGE('',*,*,#1065,.F.) ;
#1103=ORIENTED_EDGE('',*,*,#1041,.F.) ;
#1104=ORIENTED_EDGE('',*,*,#1012,.F.) ;
#1135=ORIENTED_EDGE('',*,*,#1114,.T.) ;
#1136=ORIENTED_EDGE('',*,*,#1121,.T.) ;
#1137=ORIENTED_EDGE('',*,*,#1128,.T.) ;
#1138=ORIENTED_EDGE('',*,*,#1133,.T.) ;
#1157=ORIENTED_EDGE('',*,*,#1150,.F.) ;
#1158=ORIENTED_EDGE('',*,*,#972,.F.) ;
#1159=ORIENTED_EDGE('',*,*,#1155,.F.) ;
#1160=ORIENTED_EDGE('',*,*,#1128,.F.) ;
#1174=ORIENTED_EDGE('',*,*,#1172,.T.) ;
#1175=ORIENTED_EDGE('',*,*,#979,.T.) ;
#1176=ORIENTED_EDGE('',*,*,#1150,.T.) ;
#1177=ORIENTED_EDGE('',*,*,#1121,.F.) ;
#1191=ORIENTED_EDGE('',*,*,#1172,.F.) ;
#1192=ORIENTED_EDGE('',*,*,#1114,.F.) ;
#1193=ORIENTED_EDGE('',*,*,#1189,.T.) ;
#1194=ORIENTED_EDGE('',*,*,#986,.T.) ;
#1203=ORIENTED_EDGE('',*,*,#991,.F.) ;
#1204=ORIENTED_EDGE('',*,*,#1189,.F.) ;
#1205=ORIENTED_EDGE('',*,*,#1133,.F.) ;
#1206=ORIENTED_EDGE('',*,*,#1155,.T.) ;
#1390=ORIENTED_EDGE('',*,*,#1369,.T.) ;
#1391=ORIENTED_EDGE('',*,*,#1376,.F.) ;
#1392=ORIENTED_EDGE('',*,*,#1383,.F.) ;
#1393=ORIENTED_EDGE('',*,*,#1388,.T.) ;
#1424=ORIENTED_EDGE('',*,*,#1403,.T.) ;
#1425=ORIENTED_EDGE('',*,*,#1410,.F.) ;
#1426=ORIENTED_EDGE('',*,*,#1417,.F.) ;
#1427=ORIENTED_EDGE('',*,*,#1422,.T.) ;
#1455=ORIENTED_EDGE('',*,*,#1441,.F.) ;
#1456=ORIENTED_EDGE('',*,*,#1448,.F.) ;
#1457=ORIENTED_EDGE('',*,*,#1453,.F.) ;
#1458=ORIENTED_EDGE('',*,*,#1376,.T.) ;
#1479=ORIENTED_EDGE('',*,*,#1472,.T.) ;
#1480=ORIENTED_EDGE('',*,*,#1477,.T.) ;
#1481=ORIENTED_EDGE('',*,*,#1383,.T.) ;
#1482=ORIENTED_EDGE('',*,*,#1453,.T.) ;
#1503=ORIENTED_EDGE('',*,*,#1496,.T.) ;
#1504=ORIENTED_EDGE('',*,*,#1388,.F.) ;
#1505=ORIENTED_EDGE('',*,*,#1477,.F.) ;
#1506=ORIENTED_EDGE('',*,*,#1501,.T.) ;
#1520=ORIENTED_EDGE('',*,*,#1441,.T.) ;
#1521=ORIENTED_EDGE('',*,*,#1369,.F.) ;
#1522=ORIENTED_EDGE('',*,*,#1496,.F.) ;
#1523=ORIENTED_EDGE('',*,*,#1518,.T.) ;
#1532=ORIENTED_EDGE('',*,*,#1518,.F.) ;
#1533=ORIENTED_EDGE('',*,*,#1501,.F.) ;
#1534=ORIENTED_EDGE('',*,*,#1472,.F.) ;
#1535=ORIENTED_EDGE('',*,*,#1448,.T.) ;
#1566=ORIENTED_EDGE('',*,*,#1545,.F.) ;
#1567=ORIENTED_EDGE('',*,*,#1552,.T.) ;
#1568=ORIENTED_EDGE('',*,*,#1559,.T.) ;
#1569=ORIENTED_EDGE('',*,*,#1564,.F.) ;
#1588=ORIENTED_EDGE('',*,*,#1581,.F.) ;
#1589=ORIENTED_EDGE('',*,*,#1403,.F.) ;
#1590=ORIENTED_EDGE('',*,*,#1586,.T.) ;
#1591=ORIENTED_EDGE('',*,*,#1559,.F.) ;
#1605=ORIENTED_EDGE('',*,*,#1603,.F.) ;
#1606=ORIENTED_EDGE('',*,*,#1410,.T.) ;
#1607=ORIENTED_EDGE('',*,*,#1581,.T.) ;
#1608=ORIENTED_EDGE('',*,*,#1552,.F.) ;
#1622=ORIENTED_EDGE('',*,*,#1620,.F.) ;
#1623=ORIENTED_EDGE('',*,*,#1417,.T.) ;
#1624=ORIENTED_EDGE('',*,*,#1603,.T.) ;
#1625=ORIENTED_EDGE('',*,*,#1545,.T.) ;
#1634=ORIENTED_EDGE('',*,*,#1564,.T.) ;
#1635=ORIENTED_EDGE('',*,*,#1586,.F.) ;
#1636=ORIENTED_EDGE('',*,*,#1422,.F.) ;
#1637=ORIENTED_EDGE('',*,*,#1620,.T.) ;
#1746=ORIENTED_EDGE('',*,*,#1725,.F.) ;
#1747=ORIENTED_EDGE('',*,*,#1732,.T.) ;
#1748=ORIENTED_EDGE('',*,*,#1739,.T.) ;
#1749=ORIENTED_EDGE('',*,*,#1744,.F.) ;
#1777=ORIENTED_EDGE('',*,*,#1739,.F.) ;
#1778=ORIENTED_EDGE('',*,*,#1763,.T.) ;
#1779=ORIENTED_EDGE('',*,*,#1770,.T.) ;
#1780=ORIENTED_EDGE('',*,*,#1775,.F.) ;
#1808=ORIENTED_EDGE('',*,*,#1770,.F.) ;
#1809=ORIENTED_EDGE('',*,*,#1794,.T.) ;
#1810=ORIENTED_EDGE('',*,*,#1801,.T.) ;
#1811=ORIENTED_EDGE('',*,*,#1806,.F.) ;
#1839=ORIENTED_EDGE('',*,*,#1801,.F.) ;
#1840=ORIENTED_EDGE('',*,*,#1825,.T.) ;
#1841=ORIENTED_EDGE('',*,*,#1832,.T.) ;
#1842=ORIENTED_EDGE('',*,*,#1837,.F.) ;
#1870=ORIENTED_EDGE('',*,*,#1832,.F.) ;
#1871=ORIENTED_EDGE('',*,*,#1856,.T.) ;
#1872=ORIENTED_EDGE('',*,*,#1863,.T.) ;
#1873=ORIENTED_EDGE('',*,*,#1868,.F.) ;
#1887=ORIENTED_EDGE('',*,*,#1863,.F.) ;
#1888=ORIENTED_EDGE('',*,*,#1880,.T.) ;
#1889=ORIENTED_EDGE('',*,*,#1725,.T.) ;
#1890=ORIENTED_EDGE('',*,*,#1885,.F.) ;
#1899=ORIENTED_EDGE('',*,*,#1880,.F.) ;
#1900=ORIENTED_EDGE('',*,*,#1856,.F.) ;
#1901=ORIENTED_EDGE('',*,*,#1825,.F.) ;
#1902=ORIENTED_EDGE('',*,*,#1794,.F.) ;
#1903=ORIENTED_EDGE('',*,*,#1763,.F.) ;
#1904=ORIENTED_EDGE('',*,*,#1732,.F.) ;
#1913=ORIENTED_EDGE('',*,*,#1744,.T.) ;
#1914=ORIENTED_EDGE('',*,*,#1775,.T.) ;
#1915=ORIENTED_EDGE('',*,*,#1806,.T.) ;
#1916=ORIENTED_EDGE('',*,*,#1837,.T.) ;
#1917=ORIENTED_EDGE('',*,*,#1868,.T.) ;
#1918=ORIENTED_EDGE('',*,*,#1885,.T.) ;
#2132=ORIENTED_EDGE('',*,*,#2111,.T.) ;
#2133=ORIENTED_EDGE('',*,*,#2118,.F.) ;
#2134=ORIENTED_EDGE('',*,*,#2125,.F.) ;
#2135=ORIENTED_EDGE('',*,*,#2130,.T.) ;
#2163=ORIENTED_EDGE('',*,*,#2149,.T.) ;
#2164=ORIENTED_EDGE('',*,*,#2130,.F.) ;
#2165=ORIENTED_EDGE('',*,*,#2156,.F.) ;
#2166=ORIENTED_EDGE('',*,*,#2161,.T.) ;
#2203=ORIENTED_EDGE('',*,*,#2182,.T.) ;
#2204=ORIENTED_EDGE('',*,*,#2189,.T.) ;
#2205=ORIENTED_EDGE('',*,*,#2196,.T.) ;
#2206=ORIENTED_EDGE('',*,*,#2201,.T.) ;
#2221=ORIENTED_EDGE('',*,*,#2149,.F.) ;
#2222=ORIENTED_EDGE('',*,*,#2214,.F.) ;
#2223=ORIENTED_EDGE('',*,*,#2219,.F.) ;
#2224=ORIENTED_EDGE('',*,*,#2111,.F.) ;
#2245=ORIENTED_EDGE('',*,*,#2214,.T.) ;
#2246=ORIENTED_EDGE('',*,*,#2161,.F.) ;
#2247=ORIENTED_EDGE('',*,*,#2238,.F.) ;
#2248=ORIENTED_EDGE('',*,*,#2243,.T.) ;
#2276=ORIENTED_EDGE('',*,*,#2262,.F.) ;
#2277=ORIENTED_EDGE('',*,*,#2269,.T.) ;
#2278=ORIENTED_EDGE('',*,*,#2274,.T.) ;
#2279=ORIENTED_EDGE('',*,*,#2182,.F.) ;
#2300=ORIENTED_EDGE('',*,*,#2274,.F.) ;
#2301=ORIENTED_EDGE('',*,*,#2293,.T.) ;
#2302=ORIENTED_EDGE('',*,*,#2298,.T.) ;
#2303=ORIENTED_EDGE('',*,*,#2189,.F.) ;
#2324=ORIENTED_EDGE('',*,*,#2298,.F.) ;
#2325=ORIENTED_EDGE('',*,*,#2317,.T.) ;
#2326=ORIENTED_EDGE('',*,*,#2322,.T.) ;
#2327=ORIENTED_EDGE('',*,*,#2196,.F.) ;
#2341=ORIENTED_EDGE('',*,*,#2322,.F.) ;
#2342=ORIENTED_EDGE('',*,*,#2339,.T.) ;
#2343=ORIENTED_EDGE('',*,*,#2262,.T.) ;
#2344=ORIENTED_EDGE('',*,*,#2201,.F.) ;
#2358=ORIENTED_EDGE('',*,*,#2219,.T.) ;
#2359=ORIENTED_EDGE('',*,*,#2243,.F.) ;
#2360=ORIENTED_EDGE('',*,*,#2356,.F.) ;
#2361=ORIENTED_EDGE('',*,*,#2118,.T.) ;
#2370=ORIENTED_EDGE('',*,*,#2339,.F.) ;
#2371=ORIENTED_EDGE('',*,*,#2317,.F.) ;
#2372=ORIENTED_EDGE('',*,*,#2293,.F.) ;
#2373=ORIENTED_EDGE('',*,*,#2269,.F.) ;
#2376=ORIENTED_EDGE('',*,*,#2125,.T.) ;
#2377=ORIENTED_EDGE('',*,*,#2356,.T.) ;
#2378=ORIENTED_EDGE('',*,*,#2238,.T.) ;
#2379=ORIENTED_EDGE('',*,*,#2156,.T.) ;
#2443=ORIENTED_EDGE('',*,*,#2422,.T.) ;
#2444=ORIENTED_EDGE('',*,*,#2429,.F.) ;
#2445=ORIENTED_EDGE('',*,*,#2436,.F.) ;
#2446=ORIENTED_EDGE('',*,*,#2441,.T.) ;
#2474=ORIENTED_EDGE('',*,*,#2460,.T.) ;
#2475=ORIENTED_EDGE('',*,*,#2441,.F.) ;
#2476=ORIENTED_EDGE('',*,*,#2467,.F.) ;
#2477=ORIENTED_EDGE('',*,*,#2472,.T.) ;
#2514=ORIENTED_EDGE('',*,*,#2493,.T.) ;
#2515=ORIENTED_EDGE('',*,*,#2500,.T.) ;
#2516=ORIENTED_EDGE('',*,*,#2507,.T.) ;
#2517=ORIENTED_EDGE('',*,*,#2512,.T.) ;
#2532=ORIENTED_EDGE('',*,*,#2460,.F.) ;
#2533=ORIENTED_EDGE('',*,*,#2525,.F.) ;
#2534=ORIENTED_EDGE('',*,*,#2530,.F.) ;
#2535=ORIENTED_EDGE('',*,*,#2422,.F.) ;
#2556=ORIENTED_EDGE('',*,*,#2525,.T.) ;
#2557=ORIENTED_EDGE('',*,*,#2472,.F.) ;
#2558=ORIENTED_EDGE('',*,*,#2549,.F.) ;
#2559=ORIENTED_EDGE('',*,*,#2554,.T.) ;
#2587=ORIENTED_EDGE('',*,*,#2573,.F.) ;
#2588=ORIENTED_EDGE('',*,*,#2580,.T.) ;
#2589=ORIENTED_EDGE('',*,*,#2585,.T.) ;
#2590=ORIENTED_EDGE('',*,*,#2493,.F.) ;
#2611=ORIENTED_EDGE('',*,*,#2585,.F.) ;
#2612=ORIENTED_EDGE('',*,*,#2604,.T.) ;
#2613=ORIENTED_EDGE('',*,*,#2609,.T.) ;
#2614=ORIENTED_EDGE('',*,*,#2500,.F.) ;
#2635=ORIENTED_EDGE('',*,*,#2609,.F.) ;
#2636=ORIENTED_EDGE('',*,*,#2628,.T.) ;
#2637=ORIENTED_EDGE('',*,*,#2633,.T.) ;
#2638=ORIENTED_EDGE('',*,*,#2507,.F.) ;
#2652=ORIENTED_EDGE('',*,*,#2633,.F.) ;
#2653=ORIENTED_EDGE('',*,*,#2650,.T.) ;
#2654=ORIENTED_EDGE('',*,*,#2573,.T.) ;
#2655=ORIENTED_EDGE('',*,*,#2512,.F.) ;
#2669=ORIENTED_EDGE('',*,*,#2530,.T.) ;
#2670=ORIENTED_EDGE('',*,*,#2554,.F.) ;
#2671=ORIENTED_EDGE('',*,*,#2667,.F.) ;
#2672=ORIENTED_EDGE('',*,*,#2429,.T.) ;
#2681=ORIENTED_EDGE('',*,*,#2650,.F.) ;
#2682=ORIENTED_EDGE('',*,*,#2628,.F.) ;
#2683=ORIENTED_EDGE('',*,*,#2604,.F.) ;
#2684=ORIENTED_EDGE('',*,*,#2580,.F.) ;
#2687=ORIENTED_EDGE('',*,*,#2436,.T.) ;
#2688=ORIENTED_EDGE('',*,*,#2667,.T.) ;
#2689=ORIENTED_EDGE('',*,*,#2549,.T.) ;
#2690=ORIENTED_EDGE('',*,*,#2467,.T.) ;
#2799=ORIENTED_EDGE('',*,*,#2778,.T.) ;
#2800=ORIENTED_EDGE('',*,*,#2785,.F.) ;
#2801=ORIENTED_EDGE('',*,*,#2792,.F.) ;
#2802=ORIENTED_EDGE('',*,*,#2797,.T.) ;
#2830=ORIENTED_EDGE('',*,*,#2816,.T.) ;
#2831=ORIENTED_EDGE('',*,*,#2797,.F.) ;
#2832=ORIENTED_EDGE('',*,*,#2823,.F.) ;
#2833=ORIENTED_EDGE('',*,*,#2828,.T.) ;
#2870=ORIENTED_EDGE('',*,*,#2849,.T.) ;
#2871=ORIENTED_EDGE('',*,*,#2856,.T.) ;
#2872=ORIENTED_EDGE('',*,*,#2863,.T.) ;
#2873=ORIENTED_EDGE('',*,*,#2868,.T.) ;
#2888=ORIENTED_EDGE('',*,*,#2816,.F.) ;
#2889=ORIENTED_EDGE('',*,*,#2881,.F.) ;
#2890=ORIENTED_EDGE('',*,*,#2886,.F.) ;
#2891=ORIENTED_EDGE('',*,*,#2778,.F.) ;
#2912=ORIENTED_EDGE('',*,*,#2881,.T.) ;
#2913=ORIENTED_EDGE('',*,*,#2828,.F.) ;
#2914=ORIENTED_EDGE('',*,*,#2905,.F.) ;
#2915=ORIENTED_EDGE('',*,*,#2910,.T.) ;
#2943=ORIENTED_EDGE('',*,*,#2929,.F.) ;
#2944=ORIENTED_EDGE('',*,*,#2936,.T.) ;
#2945=ORIENTED_EDGE('',*,*,#2941,.T.) ;
#2946=ORIENTED_EDGE('',*,*,#2849,.F.) ;
#2967=ORIENTED_EDGE('',*,*,#2941,.F.) ;
#2968=ORIENTED_EDGE('',*,*,#2960,.T.) ;
#2969=ORIENTED_EDGE('',*,*,#2965,.T.) ;
#2970=ORIENTED_EDGE('',*,*,#2856,.F.) ;
#2991=ORIENTED_EDGE('',*,*,#2965,.F.) ;
#2992=ORIENTED_EDGE('',*,*,#2984,.T.) ;
#2993=ORIENTED_EDGE('',*,*,#2989,.T.) ;
#2994=ORIENTED_EDGE('',*,*,#2863,.F.) ;
#3008=ORIENTED_EDGE('',*,*,#2989,.F.) ;
#3009=ORIENTED_EDGE('',*,*,#3006,.T.) ;
#3010=ORIENTED_EDGE('',*,*,#2929,.T.) ;
#3011=ORIENTED_EDGE('',*,*,#2868,.F.) ;
#3025=ORIENTED_EDGE('',*,*,#2886,.T.) ;
#3026=ORIENTED_EDGE('',*,*,#2910,.F.) ;
#3027=ORIENTED_EDGE('',*,*,#3023,.F.) ;
#3028=ORIENTED_EDGE('',*,*,#2785,.T.) ;
#3037=ORIENTED_EDGE('',*,*,#3006,.F.) ;
#3038=ORIENTED_EDGE('',*,*,#2984,.F.) ;
#3039=ORIENTED_EDGE('',*,*,#2960,.F.) ;
#3040=ORIENTED_EDGE('',*,*,#2936,.F.) ;
#3043=ORIENTED_EDGE('',*,*,#2792,.T.) ;
#3044=ORIENTED_EDGE('',*,*,#3023,.T.) ;
#3045=ORIENTED_EDGE('',*,*,#2905,.T.) ;
#3046=ORIENTED_EDGE('',*,*,#2823,.T.) ;
#3170=ORIENTED_EDGE('',*,*,#3149,.T.) ;
#3171=ORIENTED_EDGE('',*,*,#3156,.F.) ;
#3172=ORIENTED_EDGE('',*,*,#3163,.F.) ;
#3173=ORIENTED_EDGE('',*,*,#3168,.T.) ;
#3201=ORIENTED_EDGE('',*,*,#3187,.T.) ;
#3202=ORIENTED_EDGE('',*,*,#3168,.F.) ;
#3203=ORIENTED_EDGE('',*,*,#3194,.F.) ;
#3204=ORIENTED_EDGE('',*,*,#3199,.T.) ;
#3241=ORIENTED_EDGE('',*,*,#3220,.T.) ;
#3242=ORIENTED_EDGE('',*,*,#3227,.T.) ;
#3243=ORIENTED_EDGE('',*,*,#3234,.T.) ;
#3244=ORIENTED_EDGE('',*,*,#3239,.T.) ;
#3259=ORIENTED_EDGE('',*,*,#3187,.F.) ;
#3260=ORIENTED_EDGE('',*,*,#3252,.F.) ;
#3261=ORIENTED_EDGE('',*,*,#3257,.F.) ;
#3262=ORIENTED_EDGE('',*,*,#3149,.F.) ;
#3283=ORIENTED_EDGE('',*,*,#3252,.T.) ;
#3284=ORIENTED_EDGE('',*,*,#3199,.F.) ;
#3285=ORIENTED_EDGE('',*,*,#3276,.F.) ;
#3286=ORIENTED_EDGE('',*,*,#3281,.T.) ;
#3314=ORIENTED_EDGE('',*,*,#3300,.F.) ;
#3315=ORIENTED_EDGE('',*,*,#3307,.T.) ;
#3316=ORIENTED_EDGE('',*,*,#3312,.T.) ;
#3317=ORIENTED_EDGE('',*,*,#3220,.F.) ;
#3338=ORIENTED_EDGE('',*,*,#3312,.F.) ;
#3339=ORIENTED_EDGE('',*,*,#3331,.T.) ;
#3340=ORIENTED_EDGE('',*,*,#3336,.T.) ;
#3341=ORIENTED_EDGE('',*,*,#3227,.F.) ;
#3362=ORIENTED_EDGE('',*,*,#3336,.F.) ;
#3363=ORIENTED_EDGE('',*,*,#3355,.T.) ;
#3364=ORIENTED_EDGE('',*,*,#3360,.T.) ;
#3365=ORIENTED_EDGE('',*,*,#3234,.F.) ;
#3379=ORIENTED_EDGE('',*,*,#3360,.F.) ;
#3380=ORIENTED_EDGE('',*,*,#3377,.T.) ;
#3381=ORIENTED_EDGE('',*,*,#3300,.T.) ;
#3382=ORIENTED_EDGE('',*,*,#3239,.F.) ;
#3396=ORIENTED_EDGE('',*,*,#3257,.T.) ;
#3397=ORIENTED_EDGE('',*,*,#3281,.F.) ;
#3398=ORIENTED_EDGE('',*,*,#3394,.F.) ;
#3399=ORIENTED_EDGE('',*,*,#3156,.T.) ;
#3408=ORIENTED_EDGE('',*,*,#3377,.F.) ;
#3409=ORIENTED_EDGE('',*,*,#3355,.F.) ;
#3410=ORIENTED_EDGE('',*,*,#3331,.F.) ;
#3411=ORIENTED_EDGE('',*,*,#3307,.F.) ;
#3414=ORIENTED_EDGE('',*,*,#3163,.T.) ;
#3415=ORIENTED_EDGE('',*,*,#3394,.T.) ;
#3416=ORIENTED_EDGE('',*,*,#3276,.T.) ;
#3417=ORIENTED_EDGE('',*,*,#3194,.T.) ;
#3706=ORIENTED_EDGE('',*,*,#3685,.T.) ;
#3707=ORIENTED_EDGE('',*,*,#3692,.F.) ;
#3708=ORIENTED_EDGE('',*,*,#3699,.F.) ;
#3709=ORIENTED_EDGE('',*,*,#3704,.T.) ;
#3737=ORIENTED_EDGE('',*,*,#3723,.T.) ;
#3738=ORIENTED_EDGE('',*,*,#3704,.F.) ;
#3739=ORIENTED_EDGE('',*,*,#3730,.F.) ;
#3740=ORIENTED_EDGE('',*,*,#3735,.T.) ;
#3777=ORIENTED_EDGE('',*,*,#3756,.T.) ;
#3778=ORIENTED_EDGE('',*,*,#3763,.T.) ;
#3779=ORIENTED_EDGE('',*,*,#3770,.T.) ;
#3780=ORIENTED_EDGE('',*,*,#3775,.T.) ;
#3795=ORIENTED_EDGE('',*,*,#3723,.F.) ;
#3796=ORIENTED_EDGE('',*,*,#3788,.F.) ;
#3797=ORIENTED_EDGE('',*,*,#3793,.F.) ;
#3798=ORIENTED_EDGE('',*,*,#3685,.F.) ;
#3819=ORIENTED_EDGE('',*,*,#3788,.T.) ;
#3820=ORIENTED_EDGE('',*,*,#3735,.F.) ;
#3821=ORIENTED_EDGE('',*,*,#3812,.F.) ;
#3822=ORIENTED_EDGE('',*,*,#3817,.T.) ;
#3850=ORIENTED_EDGE('',*,*,#3836,.F.) ;
#3851=ORIENTED_EDGE('',*,*,#3843,.T.) ;
#3852=ORIENTED_EDGE('',*,*,#3848,.T.) ;
#3853=ORIENTED_EDGE('',*,*,#3756,.F.) ;
#3874=ORIENTED_EDGE('',*,*,#3848,.F.) ;
#3875=ORIENTED_EDGE('',*,*,#3867,.T.) ;
#3876=ORIENTED_EDGE('',*,*,#3872,.T.) ;
#3877=ORIENTED_EDGE('',*,*,#3763,.F.) ;
#3898=ORIENTED_EDGE('',*,*,#3872,.F.) ;
#3899=ORIENTED_EDGE('',*,*,#3891,.T.) ;
#3900=ORIENTED_EDGE('',*,*,#3896,.T.) ;
#3901=ORIENTED_EDGE('',*,*,#3770,.F.) ;
#3915=ORIENTED_EDGE('',*,*,#3896,.F.) ;
#3916=ORIENTED_EDGE('',*,*,#3913,.T.) ;
#3917=ORIENTED_EDGE('',*,*,#3836,.T.) ;
#3918=ORIENTED_EDGE('',*,*,#3775,.F.) ;
#3932=ORIENTED_EDGE('',*,*,#3793,.T.) ;
#3933=ORIENTED_EDGE('',*,*,#3817,.F.) ;
#3934=ORIENTED_EDGE('',*,*,#3930,.F.) ;
#3935=ORIENTED_EDGE('',*,*,#3692,.T.) ;
#3944=ORIENTED_EDGE('',*,*,#3913,.F.) ;
#3945=ORIENTED_EDGE('',*,*,#3891,.F.) ;
#3946=ORIENTED_EDGE('',*,*,#3867,.F.) ;
#3947=ORIENTED_EDGE('',*,*,#3843,.F.) ;
#3950=ORIENTED_EDGE('',*,*,#3699,.T.) ;
#3951=ORIENTED_EDGE('',*,*,#3930,.T.) ;
#3952=ORIENTED_EDGE('',*,*,#3812,.T.) ;
#3953=ORIENTED_EDGE('',*,*,#3730,.T.) ;
#4032=ORIENTED_EDGE('',*,*,#4011,.F.) ;
#4033=ORIENTED_EDGE('',*,*,#4018,.T.) ;
#4034=ORIENTED_EDGE('',*,*,#4025,.T.) ;
#4035=ORIENTED_EDGE('',*,*,#4030,.F.) ;
#4063=ORIENTED_EDGE('',*,*,#4025,.F.) ;
#4064=ORIENTED_EDGE('',*,*,#4049,.T.) ;
#4065=ORIENTED_EDGE('',*,*,#4056,.T.) ;
#4066=ORIENTED_EDGE('',*,*,#4061,.F.) ;
#4094=ORIENTED_EDGE('',*,*,#4056,.F.) ;
#4095=ORIENTED_EDGE('',*,*,#4080,.T.) ;
#4096=ORIENTED_EDGE('',*,*,#4087,.T.) ;
#4097=ORIENTED_EDGE('',*,*,#4092,.F.) ;
#4125=ORIENTED_EDGE('',*,*,#4087,.F.) ;
#4126=ORIENTED_EDGE('',*,*,#4111,.T.) ;
#4127=ORIENTED_EDGE('',*,*,#4118,.T.) ;
#4128=ORIENTED_EDGE('',*,*,#4123,.F.) ;
#4156=ORIENTED_EDGE('',*,*,#4118,.F.) ;
#4157=ORIENTED_EDGE('',*,*,#4142,.T.) ;
#4158=ORIENTED_EDGE('',*,*,#4149,.T.) ;
#4159=ORIENTED_EDGE('',*,*,#4154,.F.) ;
#4187=ORIENTED_EDGE('',*,*,#4149,.F.) ;
#4188=ORIENTED_EDGE('',*,*,#4173,.T.) ;
#4189=ORIENTED_EDGE('',*,*,#4180,.T.) ;
#4190=ORIENTED_EDGE('',*,*,#4185,.F.) ;
#4213=ORIENTED_EDGE('',*,*,#4180,.F.) ;
#4214=ORIENTED_EDGE('',*,*,#4199,.T.) ;
#4215=ORIENTED_EDGE('',*,*,#4206,.T.) ;
#4216=ORIENTED_EDGE('',*,*,#4211,.F.) ;
#4235=ORIENTED_EDGE('',*,*,#4206,.F.) ;
#4236=ORIENTED_EDGE('',*,*,#4228,.T.) ;
#4237=ORIENTED_EDGE('',*,*,#4011,.T.) ;
#4238=ORIENTED_EDGE('',*,*,#4233,.F.) ;
#4247=ORIENTED_EDGE('',*,*,#4228,.F.) ;
#4248=ORIENTED_EDGE('',*,*,#4199,.F.) ;
#4249=ORIENTED_EDGE('',*,*,#4173,.F.) ;
#4250=ORIENTED_EDGE('',*,*,#4142,.F.) ;
#4251=ORIENTED_EDGE('',*,*,#4111,.F.) ;
#4252=ORIENTED_EDGE('',*,*,#4080,.F.) ;
#4253=ORIENTED_EDGE('',*,*,#4049,.F.) ;
#4254=ORIENTED_EDGE('',*,*,#4018,.F.) ;
#4263=ORIENTED_EDGE('',*,*,#4030,.T.) ;
#4264=ORIENTED_EDGE('',*,*,#4061,.T.) ;
#4265=ORIENTED_EDGE('',*,*,#4092,.T.) ;
#4266=ORIENTED_EDGE('',*,*,#4123,.T.) ;
#4267=ORIENTED_EDGE('',*,*,#4154,.T.) ;
#4268=ORIENTED_EDGE('',*,*,#4185,.T.) ;
#4269=ORIENTED_EDGE('',*,*,#4211,.T.) ;
#4270=ORIENTED_EDGE('',*,*,#4233,.T.) ;
#190=FACE_BOUND('',#185,.T.) ;
#345=FACE_BOUND('',#340,.T.) ;
#651=FACE_BOUND('',#646,.T.) ;
#806=FACE_BOUND('',#801,.T.) ;
#997=FACE_BOUND('',#992,.T.) ;
#1139=FACE_BOUND('',#1134,.T.) ;
#1428=FACE_BOUND('',#1423,.T.) ;
#1570=FACE_BOUND('',#1565,.T.) ;
#2225=FACE_BOUND('',#2220,.T.) ;
#2380=FACE_BOUND('',#2375,.T.) ;
#2536=FACE_BOUND('',#2531,.T.) ;
#2691=FACE_BOUND('',#2686,.T.) ;
#2892=FACE_BOUND('',#2887,.T.) ;
#3047=FACE_BOUND('',#3042,.T.) ;
#3263=FACE_BOUND('',#3258,.T.) ;
#3418=FACE_BOUND('',#3413,.T.) ;
#3799=FACE_BOUND('',#3794,.T.) ;
#3954=FACE_BOUND('',#3949,.T.) ;
#62=CLOSED_SHELL('Closed Shell',(#102,#133,#191,#215,#246,#270,#294,#311,#328,#346)) ;
#523=CLOSED_SHELL('Closed Shell',(#563,#594,#652,#676,#707,#731,#755,#772,#789,#807)) ;
#924=CLOSED_SHELL('Closed Shell',(#998,#1029,#1053,#1077,#1094,#1140,#1162,#1179,#1196,#1208)) ;
#1355=CLOSED_SHELL('Closed Shell',(#1429,#1460,#1484,#1508,#1525,#1571,#1593,#1610,#1627,#1639)) ;
#1711=CLOSED_SHELL('Closed Shell',(#1751,#1782,#1813,#1844,#1875,#1892,#1906,#1920)) ;
#2097=CLOSED_SHELL('Closed Shell',(#2137,#2168,#2226,#2250,#2281,#2305,#2329,#2346,#2363,#2381)) ;
#2408=CLOSED_SHELL('Closed Shell',(#2448,#2479,#2537,#2561,#2592,#2616,#2640,#2657,#2674,#2692)) ;
#2764=CLOSED_SHELL('Closed Shell',(#2804,#2835,#2893,#2917,#2948,#2972,#2996,#3013,#3030,#3048)) ;
#3135=CLOSED_SHELL('Closed Shell',(#3175,#3206,#3264,#3288,#3319,#3343,#3367,#3384,#3401,#3419)) ;
#3671=CLOSED_SHELL('Closed Shell',(#3711,#3742,#3800,#3824,#3855,#3879,#3903,#3920,#3937,#3955)) ;
#3997=CLOSED_SHELL('Closed Shell',(#4037,#4068,#4099,#4130,#4161,#4192,#4218,#4240,#4256,#4272)) ;
#354=ITEM_DEFINED_TRANSFORMATION(' ',' ',#356,#355) ;
#369=ITEM_DEFINED_TRANSFORMATION(' ',' ',#371,#370) ;
#384=ITEM_DEFINED_TRANSFORMATION(' ',' ',#386,#385) ;
#399=ITEM_DEFINED_TRANSFORMATION(' ',' ',#401,#400) ;
#414=ITEM_DEFINED_TRANSFORMATION(' ',' ',#416,#415) ;
#429=ITEM_DEFINED_TRANSFORMATION(' ',' ',#431,#430) ;
#444=ITEM_DEFINED_TRANSFORMATION(' ',' ',#446,#445) ;
#459=ITEM_DEFINED_TRANSFORMATION(' ',' ',#461,#460) ;
#474=ITEM_DEFINED_TRANSFORMATION(' ',' ',#476,#475) ;
#489=ITEM_DEFINED_TRANSFORMATION(' ',' ',#491,#490) ;
#504=ITEM_DEFINED_TRANSFORMATION(' ',' ',#506,#505) ;
#815=ITEM_DEFINED_TRANSFORMATION(' ',' ',#817,#816) ;
#830=ITEM_DEFINED_TRANSFORMATION(' ',' ',#832,#831) ;
#845=ITEM_DEFINED_TRANSFORMATION(' ',' ',#847,#846) ;
#860=ITEM_DEFINED_TRANSFORMATION(' ',' ',#862,#861) ;
#875=ITEM_DEFINED_TRANSFORMATION(' ',' ',#877,#876) ;
#890=ITEM_DEFINED_TRANSFORMATION(' ',' ',#892,#891) ;
#905=ITEM_DEFINED_TRANSFORMATION(' ',' ',#907,#906) ;
#1216=ITEM_DEFINED_TRANSFORMATION(' ',' ',#1218,#1217) ;
#1231=ITEM_DEFINED_TRANSFORMATION(' ',' ',#1233,#1232) ;
#1246=ITEM_DEFINED_TRANSFORMATION(' ',' ',#1248,#1247) ;
#1261=ITEM_DEFINED_TRANSFORMATION(' ',' ',#1263,#1262) ;
#1276=ITEM_DEFINED_TRANSFORMATION(' ',' ',#1278,#1277) ;
#1291=ITEM_DEFINED_TRANSFORMATION(' ',' ',#1293,#1292) ;
#1306=ITEM_DEFINED_TRANSFORMATION(' ',' ',#1308,#1307) ;
#1321=ITEM_DEFINED_TRANSFORMATION(' ',' ',#1323,#1322) ;
#1336=ITEM_DEFINED_TRANSFORMATION(' ',' ',#1338,#1337) ;
#1647=ITEM_DEFINED_TRANSFORMATION(' ',' ',#1649,#1648) ;
#1662=ITEM_DEFINED_TRANSFORMATION(' ',' ',#1664,#1663) ;
#1677=ITEM_DEFINED_TRANSFORMATION(' ',' ',#1679,#1678) ;
#1692=ITEM_DEFINED_TRANSFORMATION(' ',' ',#1694,#1693) ;
#1928=ITEM_DEFINED_TRANSFORMATION(' ',' ',#1930,#1929) ;
#1943=ITEM_DEFINED_TRANSFORMATION(' ',' ',#1945,#1944) ;
#1958=ITEM_DEFINED_TRANSFORMATION(' ',' ',#1960,#1959) ;
#1973=ITEM_DEFINED_TRANSFORMATION(' ',' ',#1975,#1974) ;
#1988=ITEM_DEFINED_TRANSFORMATION(' ',' ',#1990,#1989) ;
#2003=ITEM_DEFINED_TRANSFORMATION(' ',' ',#2005,#2004) ;
#2018=ITEM_DEFINED_TRANSFORMATION(' ',' ',#2020,#2019) ;
#2033=ITEM_DEFINED_TRANSFORMATION(' ',' ',#2035,#2034) ;
#2048=ITEM_DEFINED_TRANSFORMATION(' ',' ',#2050,#2049) ;
#2063=ITEM_DEFINED_TRANSFORMATION(' ',' ',#2065,#2064) ;
#2078=ITEM_DEFINED_TRANSFORMATION(' ',' ',#2080,#2079) ;
#2389=ITEM_DEFINED_TRANSFORMATION(' ',' ',#2391,#2390) ;
#2700=ITEM_DEFINED_TRANSFORMATION(' ',' ',#2702,#2701) ;
#2715=ITEM_DEFINED_TRANSFORMATION(' ',' ',#2717,#2716) ;
#2730=ITEM_DEFINED_TRANSFORMATION(' ',' ',#2732,#2731) ;
#2745=ITEM_DEFINED_TRANSFORMATION(' ',' ',#2747,#2746) ;
#3056=ITEM_DEFINED_TRANSFORMATION(' ',' ',#3058,#3057) ;
#3071=ITEM_DEFINED_TRANSFORMATION(' ',' ',#3073,#3072) ;
#3086=ITEM_DEFINED_TRANSFORMATION(' ',' ',#3088,#3087) ;
#3101=ITEM_DEFINED_TRANSFORMATION(' ',' ',#3103,#3102) ;
#3116=ITEM_DEFINED_TRANSFORMATION(' ',' ',#3118,#3117) ;
#3427=ITEM_DEFINED_TRANSFORMATION(' ',' ',#3429,#3428) ;
#3442=ITEM_DEFINED_TRANSFORMATION(' ',' ',#3444,#3443) ;
#3457=ITEM_DEFINED_TRANSFORMATION(' ',' ',#3459,#3458) ;
#3472=ITEM_DEFINED_TRANSFORMATION(' ',' ',#3474,#3473) ;
#3487=ITEM_DEFINED_TRANSFORMATION(' ',' ',#3489,#3488) ;
#3502=ITEM_DEFINED_TRANSFORMATION(' ',' ',#3504,#3503) ;
#3517=ITEM_DEFINED_TRANSFORMATION(' ',' ',#3519,#3518) ;
#3532=ITEM_DEFINED_TRANSFORMATION(' ',' ',#3534,#3533) ;
#3547=ITEM_DEFINED_TRANSFORMATION(' ',' ',#3549,#3548) ;
#3562=ITEM_DEFINED_TRANSFORMATION(' ',' ',#3564,#3563) ;
#3577=ITEM_DEFINED_TRANSFORMATION(' ',' ',#3579,#3578) ;
#3592=ITEM_DEFINED_TRANSFORMATION(' ',' ',#3594,#3593) ;
#3607=ITEM_DEFINED_TRANSFORMATION(' ',' ',#3609,#3608) ;
#3622=ITEM_DEFINED_TRANSFORMATION(' ',' ',#3624,#3623) ;
#3637=ITEM_DEFINED_TRANSFORMATION(' ',' ',#3639,#3638) ;
#3652=ITEM_DEFINED_TRANSFORMATION(' ',' ',#3654,#3653) ;
#3963=ITEM_DEFINED_TRANSFORMATION(' ',' ',#3965,#3964) ;
#3978=ITEM_DEFINED_TRANSFORMATION(' ',' ',#3980,#3979) ;
#4280=ITEM_DEFINED_TRANSFORMATION(' ',' ',#4282,#4281) ;
#4295=ITEM_DEFINED_TRANSFORMATION(' ',' ',#4297,#4296) ;
#4310=ITEM_DEFINED_TRANSFORMATION(' ',' ',#4312,#4311) ;
#4325=ITEM_DEFINED_TRANSFORMATION(' ',' ',#4327,#4326) ;
#4340=ITEM_DEFINED_TRANSFORMATION(' ',' ',#4342,#4341) ;
#4355=ITEM_DEFINED_TRANSFORMATION(' ',' ',#4357,#4356) ;
#4370=ITEM_DEFINED_TRANSFORMATION(' ',' ',#4372,#4371) ;
#4385=ITEM_DEFINED_TRANSFORMATION(' ',' ',#4387,#4386) ;
#70=VECTOR('Line Direction',#69,1.) ;
#79=VECTOR('Line Direction',#78,1.) ;
#86=VECTOR('Line Direction',#85,1.) ;
#93=VECTOR('Line Direction',#92,1.) ;
#110=VECTOR('Line Direction',#109,1.) ;
#117=VECTOR('Line Direction',#116,1.) ;
#124=VECTOR('Line Direction',#123,1.) ;
#141=VECTOR('Line Direction',#140,1.) ;
#150=VECTOR('Line Direction',#149,1.) ;
#157=VECTOR('Line Direction',#156,1.) ;
#164=VECTOR('Line Direction',#163,1.) ;
#175=VECTOR('Line Direction',#174,1.) ;
#182=VECTOR('Line Direction',#181,1.) ;
#199=VECTOR('Line Direction',#198,1.) ;
#206=VECTOR('Line Direction',#205,1.) ;
#223=VECTOR('Line Direction',#222,1.) ;
#230=VECTOR('Line Direction',#229,1.) ;
#237=VECTOR('Line Direction',#236,1.) ;
#254=VECTOR('Line Direction',#253,1.) ;
#261=VECTOR('Line Direction',#260,1.) ;
#278=VECTOR('Line Direction',#277,1.) ;
#285=VECTOR('Line Direction',#284,1.) ;
#302=VECTOR('Line Direction',#301,1.) ;
#319=VECTOR('Line Direction',#318,1.) ;
#531=VECTOR('Line Direction',#530,1.) ;
#540=VECTOR('Line Direction',#539,1.) ;
#547=VECTOR('Line Direction',#546,1.) ;
#554=VECTOR('Line Direction',#553,1.) ;
#571=VECTOR('Line Direction',#570,1.) ;
#578=VECTOR('Line Direction',#577,1.) ;
#585=VECTOR('Line Direction',#584,1.) ;
#602=VECTOR('Line Direction',#601,1.) ;
#611=VECTOR('Line Direction',#610,1.) ;
#618=VECTOR('Line Direction',#617,1.) ;
#625=VECTOR('Line Direction',#624,1.) ;
#636=VECTOR('Line Direction',#635,1.) ;
#643=VECTOR('Line Direction',#642,1.) ;
#660=VECTOR('Line Direction',#659,1.) ;
#667=VECTOR('Line Direction',#666,1.) ;
#684=VECTOR('Line Direction',#683,1.) ;
#691=VECTOR('Line Direction',#690,1.) ;
#698=VECTOR('Line Direction',#697,1.) ;
#715=VECTOR('Line Direction',#714,1.) ;
#722=VECTOR('Line Direction',#721,1.) ;
#739=VECTOR('Line Direction',#738,1.) ;
#746=VECTOR('Line Direction',#745,1.) ;
#763=VECTOR('Line Direction',#762,1.) ;
#780=VECTOR('Line Direction',#779,1.) ;
#932=VECTOR('Line Direction',#931,1.) ;
#941=VECTOR('Line Direction',#940,1.) ;
#948=VECTOR('Line Direction',#947,1.) ;
#955=VECTOR('Line Direction',#954,1.) ;
#966=VECTOR('Line Direction',#965,1.) ;
#975=VECTOR('Line Direction',#974,1.) ;
#982=VECTOR('Line Direction',#981,1.) ;
#989=VECTOR('Line Direction',#988,1.) ;
#1006=VECTOR('Line Direction',#1005,1.) ;
#1015=VECTOR('Line Direction',#1014,1.) ;
#1020=VECTOR('Line Direction',#1019,1.) ;
#1037=VECTOR('Line Direction',#1036,1.) ;
#1044=VECTOR('Line Direction',#1043,1.) ;
#1061=VECTOR('Line Direction',#1060,1.) ;
#1068=VECTOR('Line Direction',#1067,1.) ;
#1085=VECTOR('Line Direction',#1084,1.) ;
#1108=VECTOR('Line Direction',#1107,1.) ;
#1117=VECTOR('Line Direction',#1116,1.) ;
#1124=VECTOR('Line Direction',#1123,1.) ;
#1131=VECTOR('Line Direction',#1130,1.) ;
#1148=VECTOR('Line Direction',#1147,1.) ;
#1153=VECTOR('Line Direction',#1152,1.) ;
#1170=VECTOR('Line Direction',#1169,1.) ;
#1187=VECTOR('Line Direction',#1186,1.) ;
#1363=VECTOR('Line Direction',#1362,1.) ;
#1372=VECTOR('Line Direction',#1371,1.) ;
#1379=VECTOR('Line Direction',#1378,1.) ;
#1386=VECTOR('Line Direction',#1385,1.) ;
#1397=VECTOR('Line Direction',#1396,1.) ;
#1406=VECTOR('Line Direction',#1405,1.) ;
#1413=VECTOR('Line Direction',#1412,1.) ;
#1420=VECTOR('Line Direction',#1419,1.) ;
#1437=VECTOR('Line Direction',#1436,1.) ;
#1444=VECTOR('Line Direction',#1443,1.) ;
#1451=VECTOR('Line Direction',#1450,1.) ;
#1468=VECTOR('Line Direction',#1467,1.) ;
#1475=VECTOR('Line Direction',#1474,1.) ;
#1492=VECTOR('Line Direction',#1491,1.) ;
#1499=VECTOR('Line Direction',#1498,1.) ;
#1516=VECTOR('Line Direction',#1515,1.) ;
#1539=VECTOR('Line Direction',#1538,1.) ;
#1548=VECTOR('Line Direction',#1547,1.) ;
#1555=VECTOR('Line Direction',#1554,1.) ;
#1562=VECTOR('Line Direction',#1561,1.) ;
#1579=VECTOR('Line Direction',#1578,1.) ;
#1584=VECTOR('Line Direction',#1583,1.) ;
#1601=VECTOR('Line Direction',#1600,1.) ;
#1618=VECTOR('Line Direction',#1617,1.) ;
#1719=VECTOR('Line Direction',#1718,1.) ;
#1728=VECTOR('Line Direction',#1727,1.) ;
#1735=VECTOR('Line Direction',#1734,1.) ;
#1742=VECTOR('Line Direction',#1741,1.) ;
#1759=VECTOR('Line Direction',#1758,1.) ;
#1766=VECTOR('Line Direction',#1765,1.) ;
#1773=VECTOR('Line Direction',#1772,1.) ;
#1790=VECTOR('Line Direction',#1789,1.) ;
#1797=VECTOR('Line Direction',#1796,1.) ;
#1804=VECTOR('Line Direction',#1803,1.) ;
#1821=VECTOR('Line Direction',#1820,1.) ;
#1828=VECTOR('Line Direction',#1827,1.) ;
#1835=VECTOR('Line Direction',#1834,1.) ;
#1852=VECTOR('Line Direction',#1851,1.) ;
#1859=VECTOR('Line Direction',#1858,1.) ;
#1866=VECTOR('Line Direction',#1865,1.) ;
#1878=VECTOR('Line Direction',#1877,1.) ;
#1883=VECTOR('Line Direction',#1882,1.) ;
#2105=VECTOR('Line Direction',#2104,1.) ;
#2114=VECTOR('Line Direction',#2113,1.) ;
#2121=VECTOR('Line Direction',#2120,1.) ;
#2128=VECTOR('Line Direction',#2127,1.) ;
#2145=VECTOR('Line Direction',#2144,1.) ;
#2152=VECTOR('Line Direction',#2151,1.) ;
#2159=VECTOR('Line Direction',#2158,1.) ;
#2176=VECTOR('Line Direction',#2175,1.) ;
#2185=VECTOR('Line Direction',#2184,1.) ;
#2192=VECTOR('Line Direction',#2191,1.) ;
#2199=VECTOR('Line Direction',#2198,1.) ;
#2210=VECTOR('Line Direction',#2209,1.) ;
#2217=VECTOR('Line Direction',#2216,1.) ;
#2234=VECTOR('Line Direction',#2233,1.) ;
#2241=VECTOR('Line Direction',#2240,1.) ;
#2258=VECTOR('Line Direction',#2257,1.) ;
#2265=VECTOR('Line Direction',#2264,1.) ;
#2272=VECTOR('Line Direction',#2271,1.) ;
#2289=VECTOR('Line Direction',#2288,1.) ;
#2296=VECTOR('Line Direction',#2295,1.) ;
#2313=VECTOR('Line Direction',#2312,1.) ;
#2320=VECTOR('Line Direction',#2319,1.) ;
#2337=VECTOR('Line Direction',#2336,1.) ;
#2354=VECTOR('Line Direction',#2353,1.) ;
#2416=VECTOR('Line Direction',#2415,1.) ;
#2425=VECTOR('Line Direction',#2424,1.) ;
#2432=VECTOR('Line Direction',#2431,1.) ;
#2439=VECTOR('Line Direction',#2438,1.) ;
#2456=VECTOR('Line Direction',#2455,1.) ;
#2463=VECTOR('Line Direction',#2462,1.) ;
#2470=VECTOR('Line Direction',#2469,1.) ;
#2487=VECTOR('Line Direction',#2486,1.) ;
#2496=VECTOR('Line Direction',#2495,1.) ;
#2503=VECTOR('Line Direction',#2502,1.) ;
#2510=VECTOR('Line Direction',#2509,1.) ;
#2521=VECTOR('Line Direction',#2520,1.) ;
#2528=VECTOR('Line Direction',#2527,1.) ;
#2545=VECTOR('Line Direction',#2544,1.) ;
#2552=VECTOR('Line Direction',#2551,1.) ;
#2569=VECTOR('Line Direction',#2568,1.) ;
#2576=VECTOR('Line Direction',#2575,1.) ;
#2583=VECTOR('Line Direction',#2582,1.) ;
#2600=VECTOR('Line Direction',#2599,1.) ;
#2607=VECTOR('Line Direction',#2606,1.) ;
#2624=VECTOR('Line Direction',#2623,1.) ;
#2631=VECTOR('Line Direction',#2630,1.) ;
#2648=VECTOR('Line Direction',#2647,1.) ;
#2665=VECTOR('Line Direction',#2664,1.) ;
#2772=VECTOR('Line Direction',#2771,1.) ;
#2781=VECTOR('Line Direction',#2780,1.) ;
#2788=VECTOR('Line Direction',#2787,1.) ;
#2795=VECTOR('Line Direction',#2794,1.) ;
#2812=VECTOR('Line Direction',#2811,1.) ;
#2819=VECTOR('Line Direction',#2818,1.) ;
#2826=VECTOR('Line Direction',#2825,1.) ;
#2843=VECTOR('Line Direction',#2842,1.) ;
#2852=VECTOR('Line Direction',#2851,1.) ;
#2859=VECTOR('Line Direction',#2858,1.) ;
#2866=VECTOR('Line Direction',#2865,1.) ;
#2877=VECTOR('Line Direction',#2876,1.) ;
#2884=VECTOR('Line Direction',#2883,1.) ;
#2901=VECTOR('Line Direction',#2900,1.) ;
#2908=VECTOR('Line Direction',#2907,1.) ;
#2925=VECTOR('Line Direction',#2924,1.) ;
#2932=VECTOR('Line Direction',#2931,1.) ;
#2939=VECTOR('Line Direction',#2938,1.) ;
#2956=VECTOR('Line Direction',#2955,1.) ;
#2963=VECTOR('Line Direction',#2962,1.) ;
#2980=VECTOR('Line Direction',#2979,1.) ;
#2987=VECTOR('Line Direction',#2986,1.) ;
#3004=VECTOR('Line Direction',#3003,1.) ;
#3021=VECTOR('Line Direction',#3020,1.) ;
#3143=VECTOR('Line Direction',#3142,1.) ;
#3152=VECTOR('Line Direction',#3151,1.) ;
#3159=VECTOR('Line Direction',#3158,1.) ;
#3166=VECTOR('Line Direction',#3165,1.) ;
#3183=VECTOR('Line Direction',#3182,1.) ;
#3190=VECTOR('Line Direction',#3189,1.) ;
#3197=VECTOR('Line Direction',#3196,1.) ;
#3214=VECTOR('Line Direction',#3213,1.) ;
#3223=VECTOR('Line Direction',#3222,1.) ;
#3230=VECTOR('Line Direction',#3229,1.) ;
#3237=VECTOR('Line Direction',#3236,1.) ;
#3248=VECTOR('Line Direction',#3247,1.) ;
#3255=VECTOR('Line Direction',#3254,1.) ;
#3272=VECTOR('Line Direction',#3271,1.) ;
#3279=VECTOR('Line Direction',#3278,1.) ;
#3296=VECTOR('Line Direction',#3295,1.) ;
#3303=VECTOR('Line Direction',#3302,1.) ;
#3310=VECTOR('Line Direction',#3309,1.) ;
#3327=VECTOR('Line Direction',#3326,1.) ;
#3334=VECTOR('Line Direction',#3333,1.) ;
#3351=VECTOR('Line Direction',#3350,1.) ;
#3358=VECTOR('Line Direction',#3357,1.) ;
#3375=VECTOR('Line Direction',#3374,1.) ;
#3392=VECTOR('Line Direction',#3391,1.) ;
#3679=VECTOR('Line Direction',#3678,1.) ;
#3688=VECTOR('Line Direction',#3687,1.) ;
#3695=VECTOR('Line Direction',#3694,1.) ;
#3702=VECTOR('Line Direction',#3701,1.) ;
#3719=VECTOR('Line Direction',#3718,1.) ;
#3726=VECTOR('Line Direction',#3725,1.) ;
#3733=VECTOR('Line Direction',#3732,1.) ;
#3750=VECTOR('Line Direction',#3749,1.) ;
#3759=VECTOR('Line Direction',#3758,1.) ;
#3766=VECTOR('Line Direction',#3765,1.) ;
#3773=VECTOR('Line Direction',#3772,1.) ;
#3784=VECTOR('Line Direction',#3783,1.) ;
#3791=VECTOR('Line Direction',#3790,1.) ;
#3808=VECTOR('Line Direction',#3807,1.) ;
#3815=VECTOR('Line Direction',#3814,1.) ;
#3832=VECTOR('Line Direction',#3831,1.) ;
#3839=VECTOR('Line Direction',#3838,1.) ;
#3846=VECTOR('Line Direction',#3845,1.) ;
#3863=VECTOR('Line Direction',#3862,1.) ;
#3870=VECTOR('Line Direction',#3869,1.) ;
#3887=VECTOR('Line Direction',#3886,1.) ;
#3894=VECTOR('Line Direction',#3893,1.) ;
#3911=VECTOR('Line Direction',#3910,1.) ;
#3928=VECTOR('Line Direction',#3927,1.) ;
#4005=VECTOR('Line Direction',#4004,1.) ;
#4014=VECTOR('Line Direction',#4013,1.) ;
#4021=VECTOR('Line Direction',#4020,1.) ;
#4028=VECTOR('Line Direction',#4027,1.) ;
#4045=VECTOR('Line Direction',#4044,1.) ;
#4052=VECTOR('Line Direction',#4051,1.) ;
#4059=VECTOR('Line Direction',#4058,1.) ;
#4076=VECTOR('Line Direction',#4075,1.) ;
#4083=VECTOR('Line Direction',#4082,1.) ;
#4090=VECTOR('Line Direction',#4089,1.) ;
#4107=VECTOR('Line Direction',#4106,1.) ;
#4114=VECTOR('Line Direction',#4113,1.) ;
#4121=VECTOR('Line Direction',#4120,1.) ;
#4138=VECTOR('Line Direction',#4137,1.) ;
#4145=VECTOR('Line Direction',#4144,1.) ;
#4152=VECTOR('Line Direction',#4151,1.) ;
#4169=VECTOR('Line Direction',#4168,1.) ;
#4176=VECTOR('Line Direction',#4175,1.) ;
#4183=VECTOR('Line Direction',#4182,1.) ;
#4195=VECTOR('Line Direction',#4194,1.) ;
#4202=VECTOR('Line Direction',#4201,1.) ;
#4209=VECTOR('Line Direction',#4208,1.) ;
#4226=VECTOR('Line Direction',#4225,1.) ;
#4231=VECTOR('Line Direction',#4230,1.) ;
#348=ADVANCED_BREP_SHAPE_REPRESENTATION('NONE',(#347),#53) ;
#809=ADVANCED_BREP_SHAPE_REPRESENTATION('NONE',(#808),#514) ;
#1210=ADVANCED_BREP_SHAPE_REPRESENTATION('NONE',(#1209),#915) ;
#1641=ADVANCED_BREP_SHAPE_REPRESENTATION('NONE',(#1640),#1346) ;
#1922=ADVANCED_BREP_SHAPE_REPRESENTATION('NONE',(#1921),#1702) ;
#2383=ADVANCED_BREP_SHAPE_REPRESENTATION('NONE',(#2382),#2088) ;
#2694=ADVANCED_BREP_SHAPE_REPRESENTATION('NONE',(#2693),#2399) ;
#3050=ADVANCED_BREP_SHAPE_REPRESENTATION('NONE',(#3049),#2755) ;
#3421=ADVANCED_BREP_SHAPE_REPRESENTATION('NONE',(#3420),#3126) ;
#3957=ADVANCED_BREP_SHAPE_REPRESENTATION('NONE',(#3956),#3662) ;
#4274=ADVANCED_BREP_SHAPE_REPRESENTATION('NONE',(#4273),#3988) ;
#44=SHAPE_REPRESENTATION(' ',(#355,#370,#385,#400,#415,#430,#445,#460,#475,#490,#505,#816,#831,#846,#861,#876,#891,#906,#1217,#1232,#1247,#1262,#1277,#1292,#1307,#1322,#1337,#1648,#1663,#1678,#1693,#1929,#1944,#1959,#1974,#1989,#2004,#2019,#2034,#2049,#2064,#2079,#2390,#2701,#2716,#2731,#2746,#3057,#3072,#3087,#3102,#3117,#3428,#3443,#3458,#3473,#3488,#3503,#3518,#3533,#3548,#3563,#3578,#3593,#3608,#3623,#3638,#3653,#3964,#3979,#4281,#4296,#4311,#4326,#4341,#4356,#4371,#4386),#51) ;
#54=SHAPE_REPRESENTATION(' ',(#356,#371,#386,#401,#416,#431,#446,#461,#476,#491,#506,#892,#907),#53) ;
#515=SHAPE_REPRESENTATION(' ',(#817,#832,#847,#862,#877,#2080),#514) ;
#916=SHAPE_REPRESENTATION(' ',(#1218,#1233,#1248,#1263,#1278,#1293,#1308,#1323,#1338),#915) ;
#1347=SHAPE_REPRESENTATION(' ',(#1649,#1664,#1679,#1694),#1346) ;
#1703=SHAPE_REPRESENTATION(' ',(#1930,#1945,#1960,#1975,#1990,#2005,#2020,#2035,#2050,#2065),#1702) ;
#2089=SHAPE_REPRESENTATION(' ',(#2391,#2717,#2747,#3088),#2088) ;
#2400=SHAPE_REPRESENTATION(' ',(#2702,#2732,#3073,#3118),#2399) ;
#2756=SHAPE_REPRESENTATION(' ',(#3058,#3103),#2755) ;
#3127=SHAPE_REPRESENTATION(' ',(#3429,#3444,#3459,#3474,#3489,#3504,#3519,#3534,#3549,#3564,#3579,#3594,#3609,#3624,#3639,#3654),#3126) ;
#3663=SHAPE_REPRESENTATION(' ',(#3965,#3980),#3662) ;
#3989=SHAPE_REPRESENTATION(' ',(#4282,#4297,#4312,#4327,#4342,#4357,#4372,#4387),#3988) ;
#102=ADVANCED_FACE('\X2\96F64EF651E04F554F53\X0\',(#101),#67,.F.) ;
#133=ADVANCED_FACE('\X2\96F64EF651E04F554F53\X0\',(#132),#107,.F.) ;
#191=ADVANCED_FACE('\X2\96F64EF651E04F554F53\X0\',(#172,#190),#138,.T.) ;
#215=ADVANCED_FACE('\X2\96F64EF651E04F554F53\X0\',(#214),#196,.F.) ;
#246=ADVANCED_FACE('\X2\96F64EF651E04F554F53\X0\',(#245),#220,.T.) ;
#270=ADVANCED_FACE('\X2\96F64EF651E04F554F53\X0\',(#269),#251,.T.) ;
#294=ADVANCED_FACE('\X2\96F64EF651E04F554F53\X0\',(#293),#275,.T.) ;
#311=ADVANCED_FACE('\X2\96F64EF651E04F554F53\X0\',(#310),#299,.T.) ;
#328=ADVANCED_FACE('\X2\96F64EF651E04F554F53\X0\',(#327),#316,.F.) ;
#346=ADVANCED_FACE('\X2\96F64EF651E04F554F53\X0\',(#339,#345),#333,.F.) ;
#563=ADVANCED_FACE('\X2\96F64EF651E04F554F53\X0\',(#562),#528,.F.) ;
#594=ADVANCED_FACE('\X2\96F64EF651E04F554F53\X0\',(#593),#568,.F.) ;
#652=ADVANCED_FACE('\X2\96F64EF651E04F554F53\X0\',(#633,#651),#599,.T.) ;
#676=ADVANCED_FACE('\X2\96F64EF651E04F554F53\X0\',(#675),#657,.F.) ;
#707=ADVANCED_FACE('\X2\96F64EF651E04F554F53\X0\',(#706),#681,.T.) ;
#731=ADVANCED_FACE('\X2\96F64EF651E04F554F53\X0\',(#730),#712,.T.) ;
#755=ADVANCED_FACE('\X2\96F64EF651E04F554F53\X0\',(#754),#736,.T.) ;
#772=ADVANCED_FACE('\X2\96F64EF651E04F554F53\X0\',(#771),#760,.T.) ;
#789=ADVANCED_FACE('\X2\96F64EF651E04F554F53\X0\',(#788),#777,.F.) ;
#807=ADVANCED_FACE('\X2\96F64EF651E04F554F53\X0\',(#800,#806),#794,.F.) ;
#998=ADVANCED_FACE('\X2\96F64EF651E04F554F53\X0\',(#963,#997),#929,.T.) ;
#1029=ADVANCED_FACE('\X2\96F64EF651E04F554F53\X0\',(#1028),#1003,.T.) ;
#1053=ADVANCED_FACE('\X2\96F64EF651E04F554F53\X0\',(#1052),#1034,.T.) ;
#1077=ADVANCED_FACE('\X2\96F64EF651E04F554F53\X0\',(#1076),#1058,.T.) ;
#1094=ADVANCED_FACE('\X2\96F64EF651E04F554F53\X0\',(#1093),#1082,.T.) ;
#1140=ADVANCED_FACE('\X2\96F64EF651E04F554F53\X0\',(#1105,#1139),#1099,.F.) ;
#1162=ADVANCED_FACE('\X2\96F64EF651E04F554F53\X0\',(#1161),#1145,.F.) ;
#1179=ADVANCED_FACE('\X2\96F64EF651E04F554F53\X0\',(#1178),#1167,.F.) ;
#1196=ADVANCED_FACE('\X2\96F64EF651E04F554F53\X0\',(#1195),#1184,.F.) ;
#1208=ADVANCED_FACE('\X2\96F64EF651E04F554F53\X0\',(#1207),#1201,.F.) ;
#1429=ADVANCED_FACE('\X2\96F64EF651E04F554F53\X0\',(#1394,#1428),#1360,.T.) ;
#1460=ADVANCED_FACE('\X2\96F64EF651E04F554F53\X0\',(#1459),#1434,.T.) ;
#1484=ADVANCED_FACE('\X2\96F64EF651E04F554F53\X0\',(#1483),#1465,.T.) ;
#1508=ADVANCED_FACE('\X2\96F64EF651E04F554F53\X0\',(#1507),#1489,.T.) ;
#1525=ADVANCED_FACE('\X2\96F64EF651E04F554F53\X0\',(#1524),#1513,.T.) ;
#1571=ADVANCED_FACE('\X2\96F64EF651E04F554F53\X0\',(#1536,#1570),#1530,.F.) ;
#1593=ADVANCED_FACE('\X2\96F64EF651E04F554F53\X0\',(#1592),#1576,.F.) ;
#1610=ADVANCED_FACE('\X2\96F64EF651E04F554F53\X0\',(#1609),#1598,.F.) ;
#1627=ADVANCED_FACE('\X2\96F64EF651E04F554F53\X0\',(#1626),#1615,.F.) ;
#1639=ADVANCED_FACE('\X2\96F64EF651E04F554F53\X0\',(#1638),#1632,.F.) ;
#1751=ADVANCED_FACE('\X2\96F64EF651E04F554F53\X0\',(#1750),#1716,.T.) ;
#1782=ADVANCED_FACE('\X2\96F64EF651E04F554F53\X0\',(#1781),#1756,.T.) ;
#1813=ADVANCED_FACE('\X2\96F64EF651E04F554F53\X0\',(#1812),#1787,.T.) ;
#1844=ADVANCED_FACE('\X2\96F64EF651E04F554F53\X0\',(#1843),#1818,.T.) ;
#1875=ADVANCED_FACE('\X2\96F64EF651E04F554F53\X0\',(#1874),#1849,.T.) ;
#1892=ADVANCED_FACE('\X2\96F64EF651E04F554F53\X0\',(#1891),#1787,.T.) ;
#1906=ADVANCED_FACE('\X2\96F64EF651E04F554F53\X0\',(#1905),#1897,.F.) ;
#1920=ADVANCED_FACE('\X2\96F64EF651E04F554F53\X0\',(#1919),#1911,.T.) ;
#2137=ADVANCED_FACE('\X2\96F64EF651E04F554F53\X0\',(#2136),#2102,.F.) ;
#2168=ADVANCED_FACE('\X2\96F64EF651E04F554F53\X0\',(#2167),#2142,.F.) ;
#2226=ADVANCED_FACE('\X2\96F64EF651E04F554F53\X0\',(#2207,#2225),#2173,.T.) ;
#2250=ADVANCED_FACE('\X2\96F64EF651E04F554F53\X0\',(#2249),#2231,.F.) ;
#2281=ADVANCED_FACE('\X2\96F64EF651E04F554F53\X0\',(#2280),#2255,.T.) ;
#2305=ADVANCED_FACE('\X2\96F64EF651E04F554F53\X0\',(#2304),#2286,.T.) ;
#2329=ADVANCED_FACE('\X2\96F64EF651E04F554F53\X0\',(#2328),#2310,.T.) ;
#2346=ADVANCED_FACE('\X2\96F64EF651E04F554F53\X0\',(#2345),#2334,.T.) ;
#2363=ADVANCED_FACE('\X2\96F64EF651E04F554F53\X0\',(#2362),#2351,.F.) ;
#2381=ADVANCED_FACE('\X2\96F64EF651E04F554F53\X0\',(#2374,#2380),#2368,.F.) ;
#2448=ADVANCED_FACE('\X2\96F64EF651E04F554F53\X0\',(#2447),#2413,.F.) ;
#2479=ADVANCED_FACE('\X2\96F64EF651E04F554F53\X0\',(#2478),#2453,.F.) ;
#2537=ADVANCED_FACE('\X2\96F64EF651E04F554F53\X0\',(#2518,#2536),#2484,.T.) ;
#2561=ADVANCED_FACE('\X2\96F64EF651E04F554F53\X0\',(#2560),#2542,.F.) ;
#2592=ADVANCED_FACE('\X2\96F64EF651E04F554F53\X0\',(#2591),#2566,.T.) ;
#2616=ADVANCED_FACE('\X2\96F64EF651E04F554F53\X0\',(#2615),#2597,.T.) ;
#2640=ADVANCED_FACE('\X2\96F64EF651E04F554F53\X0\',(#2639),#2621,.T.) ;
#2657=ADVANCED_FACE('\X2\96F64EF651E04F554F53\X0\',(#2656),#2645,.T.) ;
#2674=ADVANCED_FACE('\X2\96F64EF651E04F554F53\X0\',(#2673),#2662,.F.) ;
#2692=ADVANCED_FACE('\X2\96F64EF651E04F554F53\X0\',(#2685,#2691),#2679,.F.) ;
#2804=ADVANCED_FACE('\X2\96F64EF651E04F554F53\X0\',(#2803),#2769,.F.) ;
#2835=ADVANCED_FACE('\X2\96F64EF651E04F554F53\X0\',(#2834),#2809,.F.) ;
#2893=ADVANCED_FACE('\X2\96F64EF651E04F554F53\X0\',(#2874,#2892),#2840,.T.) ;
#2917=ADVANCED_FACE('\X2\96F64EF651E04F554F53\X0\',(#2916),#2898,.F.) ;
#2948=ADVANCED_FACE('\X2\96F64EF651E04F554F53\X0\',(#2947),#2922,.T.) ;
#2972=ADVANCED_FACE('\X2\96F64EF651E04F554F53\X0\',(#2971),#2953,.T.) ;
#2996=ADVANCED_FACE('\X2\96F64EF651E04F554F53\X0\',(#2995),#2977,.T.) ;
#3013=ADVANCED_FACE('\X2\96F64EF651E04F554F53\X0\',(#3012),#3001,.T.) ;
#3030=ADVANCED_FACE('\X2\96F64EF651E04F554F53\X0\',(#3029),#3018,.F.) ;
#3048=ADVANCED_FACE('\X2\96F64EF651E04F554F53\X0\',(#3041,#3047),#3035,.F.) ;
#3175=ADVANCED_FACE('\X2\96F64EF651E04F554F53\X0\',(#3174),#3140,.F.) ;
#3206=ADVANCED_FACE('\X2\96F64EF651E04F554F53\X0\',(#3205),#3180,.F.) ;
#3264=ADVANCED_FACE('\X2\96F64EF651E04F554F53\X0\',(#3245,#3263),#3211,.T.) ;
#3288=ADVANCED_FACE('\X2\96F64EF651E04F554F53\X0\',(#3287),#3269,.F.) ;
#3319=ADVANCED_FACE('\X2\96F64EF651E04F554F53\X0\',(#3318),#3293,.T.) ;
#3343=ADVANCED_FACE('\X2\96F64EF651E04F554F53\X0\',(#3342),#3324,.T.) ;
#3367=ADVANCED_FACE('\X2\96F64EF651E04F554F53\X0\',(#3366),#3348,.T.) ;
#3384=ADVANCED_FACE('\X2\96F64EF651E04F554F53\X0\',(#3383),#3372,.T.) ;
#3401=ADVANCED_FACE('\X2\96F64EF651E04F554F53\X0\',(#3400),#3389,.F.) ;
#3419=ADVANCED_FACE('\X2\96F64EF651E04F554F53\X0\',(#3412,#3418),#3406,.F.) ;
#3711=ADVANCED_FACE('\X2\96F64EF651E04F554F53\X0\',(#3710),#3676,.F.) ;
#3742=ADVANCED_FACE('\X2\96F64EF651E04F554F53\X0\',(#3741),#3716,.F.) ;
#3800=ADVANCED_FACE('\X2\96F64EF651E04F554F53\X0\',(#3781,#3799),#3747,.T.) ;
#3824=ADVANCED_FACE('\X2\96F64EF651E04F554F53\X0\',(#3823),#3805,.F.) ;
#3855=ADVANCED_FACE('\X2\96F64EF651E04F554F53\X0\',(#3854),#3829,.T.) ;
#3879=ADVANCED_FACE('\X2\96F64EF651E04F554F53\X0\',(#3878),#3860,.T.) ;
#3903=ADVANCED_FACE('\X2\96F64EF651E04F554F53\X0\',(#3902),#3884,.T.) ;
#3920=ADVANCED_FACE('\X2\96F64EF651E04F554F53\X0\',(#3919),#3908,.T.) ;
#3937=ADVANCED_FACE('\X2\96F64EF651E04F554F53\X0\',(#3936),#3925,.F.) ;
#3955=ADVANCED_FACE('\X2\96F64EF651E04F554F53\X0\',(#3948,#3954),#3942,.F.) ;
#4037=ADVANCED_FACE('\X2\96F64EF651E04F554F53\X0\',(#4036),#4002,.T.) ;
#4068=ADVANCED_FACE('\X2\96F64EF651E04F554F53\X0\',(#4067),#4042,.T.) ;
#4099=ADVANCED_FACE('\X2\96F64EF651E04F554F53\X0\',(#4098),#4073,.T.) ;
#4130=ADVANCED_FACE('\X2\96F64EF651E04F554F53\X0\',(#4129),#4104,.T.) ;
#4161=ADVANCED_FACE('\X2\96F64EF651E04F554F53\X0\',(#4160),#4135,.T.) ;
#4192=ADVANCED_FACE('\X2\96F64EF651E04F554F53\X0\',(#4191),#4166,.T.) ;
#4218=ADVANCED_FACE('\X2\96F64EF651E04F554F53\X0\',(#4217),#4073,.T.) ;
#4240=ADVANCED_FACE('\X2\96F64EF651E04F554F53\X0\',(#4239),#4223,.T.) ;
#4256=ADVANCED_FACE('\X2\96F64EF651E04F554F53\X0\',(#4255),#4245,.F.) ;
#4272=ADVANCED_FACE('\X2\96F64EF651E04F554F53\X0\',(#4271),#4261,.T.) ;
#4=APPLICATION_PROTOCOL_DEFINITION('international standard','config_control_design',1994,#1) ;
#35=APPROVAL_DATE_TIME(#13,#24) ;
#347=MANIFOLD_SOLID_BREP('\X2\96F64EF651E04F554F53\X0\',#62) ;
#808=MANIFOLD_SOLID_BREP('\X2\96F64EF651E04F554F53\X0\',#523) ;
#1209=MANIFOLD_SOLID_BREP('\X2\96F64EF651E04F554F53\X0\',#924) ;
#1640=MANIFOLD_SOLID_BREP('\X2\96F64EF651E04F554F53\X0\',#1355) ;
#1921=MANIFOLD_SOLID_BREP('\X2\96F64EF651E04F554F53\X0\',#1711) ;
#2382=MANIFOLD_SOLID_BREP('\X2\96F64EF651E04F554F53\X0\',#2097) ;
#2693=MANIFOLD_SOLID_BREP('\X2\96F64EF651E04F554F53\X0\',#2408) ;
#3049=MANIFOLD_SOLID_BREP('\X2\96F64EF651E04F554F53\X0\',#2764) ;
#3420=MANIFOLD_SOLID_BREP('\X2\96F64EF651E04F554F53\X0\',#3135) ;
#3956=MANIFOLD_SOLID_BREP('\X2\96F64EF651E04F554F53\X0\',#3671) ;
#4273=MANIFOLD_SOLID_BREP('\X2\96F64EF651E04F554F53\X0\',#3997) ;
#11=CALENDAR_DATE(2026,31,8) ;
#33=CC_DESIGN_APPROVAL(#24,(#19,#6,#17)) ;
#21=CC_DESIGN_DATE_AND_TIME_ASSIGNMENT(#13,#20,(#19)) ;
#32=CC_DESIGN_DATE_AND_TIME_ASSIGNMENT(#13,#31,(#17)) ;
#20=DATE_TIME_ROLE('classification_date') ;
#31=DATE_TIME_ROLE('creation_date') ;
#30=CC_DESIGN_PERSON_AND_ORGANIZATION_ASSIGNMENT(#28,#29,(#19)) ;
#36=CC_DESIGN_PERSON_AND_ORGANIZATION_ASSIGNMENT(#28,#37,(#6)) ;
#38=CC_DESIGN_PERSON_AND_ORGANIZATION_ASSIGNMENT(#28,#39,(#6,#17)) ;
#40=CC_DESIGN_PERSON_AND_ORGANIZATION_ASSIGNMENT(#28,#41,(#5)) ;
#29=PERSON_AND_ORGANIZATION_ROLE('classification_officer') ;
#37=PERSON_AND_ORGANIZATION_ROLE('design_supplier') ;
#39=PERSON_AND_ORGANIZATION_ROLE('creator') ;
#41=PERSON_AND_ORGANIZATION_ROLE('design_owner') ;
#42=CC_DESIGN_SECURITY_CLASSIFICATION(#19,(#6,#350,#365,#380,#395,#410,#425,#440,#455,#470,#485,#500,#811,#826,#841,#856,#871,#886,#901,#1212,#1227,#1242,#1257,#1272,#1287,#1302,#1317,#1332,#1643,#1658,#1673,#1688,#1924,#1939,#1954,#1969,#1984,#1999,#2014,#2029,#2044,#2059,#2074,#2385,#2696,#2711,#2726,#2741,#3052,#3067,#3082,#3097,#3112,#3423,#3438,#3453,#3468,#3483,#3498,#3513,#3528,#3543,#3558,#3573,#3588,#3603,#3618,#3633,#3648,#3959,#3974,#4276,#4291,#4306,#4321,#4336,#4351,#4366,#4381)) ;
#60=DOCUMENT('3','Beam920.CATPart','CATPart document',#59) ;
#521=DOCUMENT('4','Rail2360.CATPart','CATPart document',#520) ;
#922=DOCUMENT('5','Post720.CATPart','CATPart document',#921) ;
#1353=DOCUMENT('6','Corner840.CATPart','CATPart document',#1352) ;
#1709=DOCUMENT('7','VBeam600.CATPart','CATPart document',#1708) ;
#2095=DOCUMENT('8','Conn320.CATPart','CATPart document',#2094) ;
#2406=DOCUMENT('9','Conn260.CATPart','CATPart document',#2405) ;
#2762=DOCUMENT('10','Conn200.CATPart','CATPart document',#2761) ;
#3133=DOCUMENT('11','GatePost.CATPart','CATPart document',#3132) ;
#3669=DOCUMENT('12','EndTube250.CATPart','CATPart document',#3668) ;
#3995=DOCUMENT('13','UBeam540.CATPart','CATPart document',#3994) ;
#59=DOCUMENT_TYPE('') ;
#520=DOCUMENT_TYPE('') ;
#921=DOCUMENT_TYPE('') ;
#1352=DOCUMENT_TYPE('') ;
#1708=DOCUMENT_TYPE('') ;
#2094=DOCUMENT_TYPE('') ;
#2405=DOCUMENT_TYPE('') ;
#2761=DOCUMENT_TYPE('') ;
#3132=DOCUMENT_TYPE('') ;
#3668=DOCUMENT_TYPE('') ;
#3994=DOCUMENT_TYPE('') ;
#352=CONTEXT_DEPENDENT_SHAPE_REPRESENTATION(#353,#351) ;
#367=CONTEXT_DEPENDENT_SHAPE_REPRESENTATION(#368,#366) ;
#382=CONTEXT_DEPENDENT_SHAPE_REPRESENTATION(#383,#381) ;
#397=CONTEXT_DEPENDENT_SHAPE_REPRESENTATION(#398,#396) ;
#412=CONTEXT_DEPENDENT_SHAPE_REPRESENTATION(#413,#411) ;
#427=CONTEXT_DEPENDENT_SHAPE_REPRESENTATION(#428,#426) ;
#442=CONTEXT_DEPENDENT_SHAPE_REPRESENTATION(#443,#441) ;
#457=CONTEXT_DEPENDENT_SHAPE_REPRESENTATION(#458,#456) ;
#472=CONTEXT_DEPENDENT_SHAPE_REPRESENTATION(#473,#471) ;
#487=CONTEXT_DEPENDENT_SHAPE_REPRESENTATION(#488,#486) ;
#502=CONTEXT_DEPENDENT_SHAPE_REPRESENTATION(#503,#501) ;
#813=CONTEXT_DEPENDENT_SHAPE_REPRESENTATION(#814,#812) ;
#828=CONTEXT_DEPENDENT_SHAPE_REPRESENTATION(#829,#827) ;
#843=CONTEXT_DEPENDENT_SHAPE_REPRESENTATION(#844,#842) ;
#858=CONTEXT_DEPENDENT_SHAPE_REPRESENTATION(#859,#857) ;
#873=CONTEXT_DEPENDENT_SHAPE_REPRESENTATION(#874,#872) ;
#888=CONTEXT_DEPENDENT_SHAPE_REPRESENTATION(#889,#887) ;
#903=CONTEXT_DEPENDENT_SHAPE_REPRESENTATION(#904,#902) ;
#1214=CONTEXT_DEPENDENT_SHAPE_REPRESENTATION(#1215,#1213) ;
#1229=CONTEXT_DEPENDENT_SHAPE_REPRESENTATION(#1230,#1228) ;
#1244=CONTEXT_DEPENDENT_SHAPE_REPRESENTATION(#1245,#1243) ;
#1259=CONTEXT_DEPENDENT_SHAPE_REPRESENTATION(#1260,#1258) ;
#1274=CONTEXT_DEPENDENT_SHAPE_REPRESENTATION(#1275,#1273) ;
#1289=CONTEXT_DEPENDENT_SHAPE_REPRESENTATION(#1290,#1288) ;
#1304=CONTEXT_DEPENDENT_SHAPE_REPRESENTATION(#1305,#1303) ;
#1319=CONTEXT_DEPENDENT_SHAPE_REPRESENTATION(#1320,#1318) ;
#1334=CONTEXT_DEPENDENT_SHAPE_REPRESENTATION(#1335,#1333) ;
#1645=CONTEXT_DEPENDENT_SHAPE_REPRESENTATION(#1646,#1644) ;
#1660=CONTEXT_DEPENDENT_SHAPE_REPRESENTATION(#1661,#1659) ;
#1675=CONTEXT_DEPENDENT_SHAPE_REPRESENTATION(#1676,#1674) ;
#1690=CONTEXT_DEPENDENT_SHAPE_REPRESENTATION(#1691,#1689) ;
#1926=CONTEXT_DEPENDENT_SHAPE_REPRESENTATION(#1927,#1925) ;
#1941=CONTEXT_DEPENDENT_SHAPE_REPRESENTATION(#1942,#1940) ;
#1956=CONTEXT_DEPENDENT_SHAPE_REPRESENTATION(#1957,#1955) ;
#1971=CONTEXT_DEPENDENT_SHAPE_REPRESENTATION(#1972,#1970) ;
#1986=CONTEXT_DEPENDENT_SHAPE_REPRESENTATION(#1987,#1985) ;
#2001=CONTEXT_DEPENDENT_SHAPE_REPRESENTATION(#2002,#2000) ;
#2016=CONTEXT_DEPENDENT_SHAPE_REPRESENTATION(#2017,#2015) ;
#2031=CONTEXT_DEPENDENT_SHAPE_REPRESENTATION(#2032,#2030) ;
#2046=CONTEXT_DEPENDENT_SHAPE_REPRESENTATION(#2047,#2045) ;
#2061=CONTEXT_DEPENDENT_SHAPE_REPRESENTATION(#2062,#2060) ;
#2076=CONTEXT_DEPENDENT_SHAPE_REPRESENTATION(#2077,#2075) ;
#2387=CONTEXT_DEPENDENT_SHAPE_REPRESENTATION(#2388,#2386) ;
#2698=CONTEXT_DEPENDENT_SHAPE_REPRESENTATION(#2699,#2697) ;
#2713=CONTEXT_DEPENDENT_SHAPE_REPRESENTATION(#2714,#2712) ;
#2728=CONTEXT_DEPENDENT_SHAPE_REPRESENTATION(#2729,#2727) ;
#2743=CONTEXT_DEPENDENT_SHAPE_REPRESENTATION(#2744,#2742) ;
#3054=CONTEXT_DEPENDENT_SHAPE_REPRESENTATION(#3055,#3053) ;
#3069=CONTEXT_DEPENDENT_SHAPE_REPRESENTATION(#3070,#3068) ;
#3084=CONTEXT_DEPENDENT_SHAPE_REPRESENTATION(#3085,#3083) ;
#3099=CONTEXT_DEPENDENT_SHAPE_REPRESENTATION(#3100,#3098) ;
#3114=CONTEXT_DEPENDENT_SHAPE_REPRESENTATION(#3115,#3113) ;
#3425=CONTEXT_DEPENDENT_SHAPE_REPRESENTATION(#3426,#3424) ;
#3440=CONTEXT_DEPENDENT_SHAPE_REPRESENTATION(#3441,#3439) ;
#3455=CONTEXT_DEPENDENT_SHAPE_REPRESENTATION(#3456,#3454) ;
#3470=CONTEXT_DEPENDENT_SHAPE_REPRESENTATION(#3471,#3469) ;
#3485=CONTEXT_DEPENDENT_SHAPE_REPRESENTATION(#3486,#3484) ;
#3500=CONTEXT_DEPENDENT_SHAPE_REPRESENTATION(#3501,#3499) ;
#3515=CONTEXT_DEPENDENT_SHAPE_REPRESENTATION(#3516,#3514) ;
#3530=CONTEXT_DEPENDENT_SHAPE_REPRESENTATION(#3531,#3529) ;
#3545=CONTEXT_DEPENDENT_SHAPE_REPRESENTATION(#3546,#3544) ;
#3560=CONTEXT_DEPENDENT_SHAPE_REPRESENTATION(#3561,#3559) ;
#3575=CONTEXT_DEPENDENT_SHAPE_REPRESENTATION(#3576,#3574) ;
#3590=CONTEXT_DEPENDENT_SHAPE_REPRESENTATION(#3591,#3589) ;
#3605=CONTEXT_DEPENDENT_SHAPE_REPRESENTATION(#3606,#3604) ;
#3620=CONTEXT_DEPENDENT_SHAPE_REPRESENTATION(#3621,#3619) ;
#3635=CONTEXT_DEPENDENT_SHAPE_REPRESENTATION(#3636,#3634) ;
#3650=CONTEXT_DEPENDENT_SHAPE_REPRESENTATION(#3651,#3649) ;
#3961=CONTEXT_DEPENDENT_SHAPE_REPRESENTATION(#3962,#3960) ;
#3976=CONTEXT_DEPENDENT_SHAPE_REPRESENTATION(#3977,#3975) ;
#4278=CONTEXT_DEPENDENT_SHAPE_REPRESENTATION(#4279,#4277) ;
#4293=CONTEXT_DEPENDENT_SHAPE_REPRESENTATION(#4294,#4292) ;
#4308=CONTEXT_DEPENDENT_SHAPE_REPRESENTATION(#4309,#4307) ;
#4323=CONTEXT_DEPENDENT_SHAPE_REPRESENTATION(#4324,#4322) ;
#4338=CONTEXT_DEPENDENT_SHAPE_REPRESENTATION(#4339,#4337) ;
#4353=CONTEXT_DEPENDENT_SHAPE_REPRESENTATION(#4354,#4352) ;
#4368=CONTEXT_DEPENDENT_SHAPE_REPRESENTATION(#4369,#4367) ;
#4383=CONTEXT_DEPENDENT_SHAPE_REPRESENTATION(#4384,#4382) ;
#349=SHAPE_REPRESENTATION_RELATIONSHIP(' ',' ',#54,#348) ;
#810=SHAPE_REPRESENTATION_RELATIONSHIP(' ',' ',#515,#809) ;
#1211=SHAPE_REPRESENTATION_RELATIONSHIP(' ',' ',#916,#1210) ;
#1642=SHAPE_REPRESENTATION_RELATIONSHIP(' ',' ',#1347,#1641) ;
#1923=SHAPE_REPRESENTATION_RELATIONSHIP(' ',' ',#1703,#1922) ;
#2384=SHAPE_REPRESENTATION_RELATIONSHIP(' ',' ',#2089,#2383) ;
#2695=SHAPE_REPRESENTATION_RELATIONSHIP(' ',' ',#2400,#2694) ;
#3051=SHAPE_REPRESENTATION_RELATIONSHIP(' ',' ',#2756,#3050) ;
#3422=SHAPE_REPRESENTATION_RELATIONSHIP(' ',' ',#3127,#3421) ;
#3958=SHAPE_REPRESENTATION_RELATIONSHIP(' ',' ',#3663,#3957) ;
#4275=SHAPE_REPRESENTATION_RELATIONSHIP(' ',' ',#3989,#4274) ;
#3=DESIGN_CONTEXT(' ',#1,'design') ;
#76=EDGE_CURVE('',#73,#75,#71,.T.) ;
#83=EDGE_CURVE('',#82,#75,#80,.T.) ;
#90=EDGE_CURVE('',#89,#82,#87,.T.) ;
#95=EDGE_CURVE('',#89,#73,#94,.T.) ;
#114=EDGE_CURVE('',#113,#73,#111,.T.) ;
#121=EDGE_CURVE('',#120,#89,#118,.T.) ;
#126=EDGE_CURVE('',#120,#113,#125,.T.) ;
#147=EDGE_CURVE('',#144,#146,#142,.T.) ;
#154=EDGE_CURVE('',#146,#153,#151,.T.) ;
#161=EDGE_CURVE('',#153,#160,#158,.T.) ;
#166=EDGE_CURVE('',#160,#144,#165,.T.) ;
#179=EDGE_CURVE('',#178,#113,#176,.T.) ;
#184=EDGE_CURVE('',#75,#178,#183,.T.) ;
#203=EDGE_CURVE('',#202,#120,#200,.T.) ;
#208=EDGE_CURVE('',#202,#178,#207,.T.) ;
#227=EDGE_CURVE('',#226,#144,#224,.T.) ;
#234=EDGE_CURVE('',#226,#233,#231,.T.) ;
#239=EDGE_CURVE('',#233,#146,#238,.T.) ;
#258=EDGE_CURVE('',#233,#257,#255,.T.) ;
#263=EDGE_CURVE('',#257,#153,#262,.T.) ;
#282=EDGE_CURVE('',#257,#281,#279,.T.) ;
#287=EDGE_CURVE('',#281,#160,#286,.T.) ;
#304=EDGE_CURVE('',#281,#226,#303,.T.) ;
#321=EDGE_CURVE('',#82,#202,#320,.T.) ;
#537=EDGE_CURVE('',#534,#536,#532,.T.) ;
#544=EDGE_CURVE('',#543,#536,#541,.T.) ;
#551=EDGE_CURVE('',#550,#543,#548,.T.) ;
#556=EDGE_CURVE('',#550,#534,#555,.T.) ;
#575=EDGE_CURVE('',#574,#534,#572,.T.) ;
#582=EDGE_CURVE('',#581,#550,#579,.T.) ;
#587=EDGE_CURVE('',#581,#574,#586,.T.) ;
#608=EDGE_CURVE('',#605,#607,#603,.T.) ;
#615=EDGE_CURVE('',#607,#614,#612,.T.) ;
#622=EDGE_CURVE('',#614,#621,#619,.T.) ;
#627=EDGE_CURVE('',#621,#605,#626,.T.) ;
#640=EDGE_CURVE('',#639,#574,#637,.T.) ;
#645=EDGE_CURVE('',#536,#639,#644,.T.) ;
#664=EDGE_CURVE('',#663,#581,#661,.T.) ;
#669=EDGE_CURVE('',#663,#639,#668,.T.) ;
#688=EDGE_CURVE('',#687,#605,#685,.T.) ;
#695=EDGE_CURVE('',#687,#694,#692,.T.) ;
#700=EDGE_CURVE('',#694,#607,#699,.T.) ;
#719=EDGE_CURVE('',#694,#718,#716,.T.) ;
#724=EDGE_CURVE('',#718,#614,#723,.T.) ;
#743=EDGE_CURVE('',#718,#742,#740,.T.) ;
#748=EDGE_CURVE('',#742,#621,#747,.T.) ;
#765=EDGE_CURVE('',#742,#687,#764,.T.) ;
#782=EDGE_CURVE('',#543,#663,#781,.T.) ;
#938=EDGE_CURVE('',#935,#937,#933,.T.) ;
#945=EDGE_CURVE('',#935,#944,#942,.T.) ;
#952=EDGE_CURVE('',#944,#951,#949,.T.) ;
#957=EDGE_CURVE('',#951,#937,#956,.F.) ;
#972=EDGE_CURVE('',#969,#971,#967,.F.) ;
#979=EDGE_CURVE('',#978,#971,#976,.T.) ;
#986=EDGE_CURVE('',#985,#978,#983,.F.) ;
#991=EDGE_CURVE('',#985,#969,#990,.T.) ;
#1012=EDGE_CURVE('',#1009,#1011,#1007,.T.) ;
#1017=EDGE_CURVE('',#944,#1011,#1016,.T.) ;
#1022=EDGE_CURVE('',#935,#1009,#1021,.T.) ;
#1041=EDGE_CURVE('',#1011,#1040,#1038,.T.) ;
#1046=EDGE_CURVE('',#951,#1040,#1045,.T.) ;
#1065=EDGE_CURVE('',#1040,#1064,#1062,.T.) ;
#1070=EDGE_CURVE('',#937,#1064,#1069,.T.) ;
#1087=EDGE_CURVE('',#1064,#1009,#1086,.T.) ;
#1114=EDGE_CURVE('',#1111,#1113,#1109,.T.) ;
#1121=EDGE_CURVE('',#1113,#1120,#1118,.T.) ;
#1128=EDGE_CURVE('',#1120,#1127,#1125,.T.) ;
#1133=EDGE_CURVE('',#1127,#1111,#1132,.T.) ;
#1150=EDGE_CURVE('',#971,#1120,#1149,.T.) ;
#1155=EDGE_CURVE('',#1127,#969,#1154,.T.) ;
#1172=EDGE_CURVE('',#1113,#978,#1171,.T.) ;
#1189=EDGE_CURVE('',#1111,#985,#1188,.T.) ;
#1369=EDGE_CURVE('',#1366,#1368,#1364,.F.) ;
#1376=EDGE_CURVE('',#1375,#1368,#1373,.T.) ;
#1383=EDGE_CURVE('',#1382,#1375,#1380,.F.) ;
#1388=EDGE_CURVE('',#1382,#1366,#1387,.T.) ;
#1403=EDGE_CURVE('',#1400,#1402,#1398,.F.) ;
#1410=EDGE_CURVE('',#1409,#1402,#1407,.F.) ;
#1417=EDGE_CURVE('',#1416,#1409,#1414,.F.) ;
#1422=EDGE_CURVE('',#1416,#1400,#1421,.F.) ;
#1441=EDGE_CURVE('',#1440,#1368,#1438,.T.) ;
#1448=EDGE_CURVE('',#1447,#1440,#1445,.T.) ;
#1453=EDGE_CURVE('',#1375,#1447,#1452,.T.) ;
#1472=EDGE_CURVE('',#1447,#1471,#1469,.T.) ;
#1477=EDGE_CURVE('',#1471,#1382,#1476,.T.) ;
#1496=EDGE_CURVE('',#1495,#1366,#1493,.T.) ;
#1501=EDGE_CURVE('',#1471,#1495,#1500,.T.) ;
#1518=EDGE_CURVE('',#1495,#1440,#1517,.T.) ;
#1545=EDGE_CURVE('',#1542,#1544,#1540,.T.) ;
#1552=EDGE_CURVE('',#1542,#1551,#1549,.F.) ;
#1559=EDGE_CURVE('',#1551,#1558,#1556,.T.) ;
#1564=EDGE_CURVE('',#1544,#1558,#1563,.F.) ;
#1581=EDGE_CURVE('',#1402,#1551,#1580,.T.) ;
#1586=EDGE_CURVE('',#1400,#1558,#1585,.T.) ;
#1603=EDGE_CURVE('',#1409,#1542,#1602,.T.) ;
#1620=EDGE_CURVE('',#1416,#1544,#1619,.T.) ;
#1725=EDGE_CURVE('',#1722,#1724,#1720,.T.) ;
#1732=EDGE_CURVE('',#1722,#1731,#1729,.T.) ;
#1739=EDGE_CURVE('',#1731,#1738,#1736,.T.) ;
#1744=EDGE_CURVE('',#1724,#1738,#1743,.T.) ;
#1763=EDGE_CURVE('',#1731,#1762,#1760,.T.) ;
#1770=EDGE_CURVE('',#1762,#1769,#1767,.T.) ;
#1775=EDGE_CURVE('',#1738,#1769,#1774,.T.) ;
#1794=EDGE_CURVE('',#1762,#1793,#1791,.T.) ;
#1801=EDGE_CURVE('',#1793,#1800,#1798,.T.) ;
#1806=EDGE_CURVE('',#1769,#1800,#1805,.T.) ;
#1825=EDGE_CURVE('',#1793,#1824,#1822,.T.) ;
#1832=EDGE_CURVE('',#1824,#1831,#1829,.T.) ;
#1837=EDGE_CURVE('',#1800,#1831,#1836,.T.) ;
#1856=EDGE_CURVE('',#1824,#1855,#1853,.T.) ;
#1863=EDGE_CURVE('',#1855,#1862,#1860,.T.) ;
#1868=EDGE_CURVE('',#1831,#1862,#1867,.T.) ;
#1880=EDGE_CURVE('',#1855,#1722,#1879,.T.) ;
#1885=EDGE_CURVE('',#1862,#1724,#1884,.T.) ;
#2111=EDGE_CURVE('',#2108,#2110,#2106,.T.) ;
#2118=EDGE_CURVE('',#2117,#2110,#2115,.T.) ;
#2125=EDGE_CURVE('',#2124,#2117,#2122,.T.) ;
#2130=EDGE_CURVE('',#2124,#2108,#2129,.T.) ;
#2149=EDGE_CURVE('',#2148,#2108,#2146,.T.) ;
#2156=EDGE_CURVE('',#2155,#2124,#2153,.T.) ;
#2161=EDGE_CURVE('',#2155,#2148,#2160,.T.) ;
#2182=EDGE_CURVE('',#2179,#2181,#2177,.T.) ;
#2189=EDGE_CURVE('',#2181,#2188,#2186,.T.) ;
#2196=EDGE_CURVE('',#2188,#2195,#2193,.T.) ;
#2201=EDGE_CURVE('',#2195,#2179,#2200,.T.) ;
#2214=EDGE_CURVE('',#2213,#2148,#2211,.T.) ;
#2219=EDGE_CURVE('',#2110,#2213,#2218,.T.) ;
#2238=EDGE_CURVE('',#2237,#2155,#2235,.T.) ;
#2243=EDGE_CURVE('',#2237,#2213,#2242,.T.) ;
#2262=EDGE_CURVE('',#2261,#2179,#2259,.T.) ;
#2269=EDGE_CURVE('',#2261,#2268,#2266,.T.) ;
#2274=EDGE_CURVE('',#2268,#2181,#2273,.T.) ;
#2293=EDGE_CURVE('',#2268,#2292,#2290,.T.) ;
#2298=EDGE_CURVE('',#2292,#2188,#2297,.T.) ;
#2317=EDGE_CURVE('',#2292,#2316,#2314,.T.) ;
#2322=EDGE_CURVE('',#2316,#2195,#2321,.T.) ;
#2339=EDGE_CURVE('',#2316,#2261,#2338,.T.) ;
#2356=EDGE_CURVE('',#2117,#2237,#2355,.T.) ;
#2422=EDGE_CURVE('',#2419,#2421,#2417,.T.) ;
#2429=EDGE_CURVE('',#2428,#2421,#2426,.T.) ;
#2436=EDGE_CURVE('',#2435,#2428,#2433,.T.) ;
#2441=EDGE_CURVE('',#2435,#2419,#2440,.T.) ;
#2460=EDGE_CURVE('',#2459,#2419,#2457,.T.) ;
#2467=EDGE_CURVE('',#2466,#2435,#2464,.T.) ;
#2472=EDGE_CURVE('',#2466,#2459,#2471,.T.) ;
#2493=EDGE_CURVE('',#2490,#2492,#2488,.T.) ;
#2500=EDGE_CURVE('',#2492,#2499,#2497,.T.) ;
#2507=EDGE_CURVE('',#2499,#2506,#2504,.T.) ;
#2512=EDGE_CURVE('',#2506,#2490,#2511,.T.) ;
#2525=EDGE_CURVE('',#2524,#2459,#2522,.T.) ;
#2530=EDGE_CURVE('',#2421,#2524,#2529,.T.) ;
#2549=EDGE_CURVE('',#2548,#2466,#2546,.T.) ;
#2554=EDGE_CURVE('',#2548,#2524,#2553,.T.) ;
#2573=EDGE_CURVE('',#2572,#2490,#2570,.T.) ;
#2580=EDGE_CURVE('',#2572,#2579,#2577,.T.) ;
#2585=EDGE_CURVE('',#2579,#2492,#2584,.T.) ;
#2604=EDGE_CURVE('',#2579,#2603,#2601,.T.) ;
#2609=EDGE_CURVE('',#2603,#2499,#2608,.T.) ;
#2628=EDGE_CURVE('',#2603,#2627,#2625,.T.) ;
#2633=EDGE_CURVE('',#2627,#2506,#2632,.T.) ;
#2650=EDGE_CURVE('',#2627,#2572,#2649,.T.) ;
#2667=EDGE_CURVE('',#2428,#2548,#2666,.T.) ;
#2778=EDGE_CURVE('',#2775,#2777,#2773,.T.) ;
#2785=EDGE_CURVE('',#2784,#2777,#2782,.T.) ;
#2792=EDGE_CURVE('',#2791,#2784,#2789,.T.) ;
#2797=EDGE_CURVE('',#2791,#2775,#2796,.T.) ;
#2816=EDGE_CURVE('',#2815,#2775,#2813,.T.) ;
#2823=EDGE_CURVE('',#2822,#2791,#2820,.T.) ;
#2828=EDGE_CURVE('',#2822,#2815,#2827,.T.) ;
#2849=EDGE_CURVE('',#2846,#2848,#2844,.T.) ;
#2856=EDGE_CURVE('',#2848,#2855,#2853,.T.) ;
#2863=EDGE_CURVE('',#2855,#2862,#2860,.T.) ;
#2868=EDGE_CURVE('',#2862,#2846,#2867,.T.) ;
#2881=EDGE_CURVE('',#2880,#2815,#2878,.T.) ;
#2886=EDGE_CURVE('',#2777,#2880,#2885,.T.) ;
#2905=EDGE_CURVE('',#2904,#2822,#2902,.T.) ;
#2910=EDGE_CURVE('',#2904,#2880,#2909,.T.) ;
#2929=EDGE_CURVE('',#2928,#2846,#2926,.T.) ;
#2936=EDGE_CURVE('',#2928,#2935,#2933,.T.) ;
#2941=EDGE_CURVE('',#2935,#2848,#2940,.T.) ;
#2960=EDGE_CURVE('',#2935,#2959,#2957,.T.) ;
#2965=EDGE_CURVE('',#2959,#2855,#2964,.T.) ;
#2984=EDGE_CURVE('',#2959,#2983,#2981,.T.) ;
#2989=EDGE_CURVE('',#2983,#2862,#2988,.T.) ;
#3006=EDGE_CURVE('',#2983,#2928,#3005,.T.) ;
#3023=EDGE_CURVE('',#2784,#2904,#3022,.T.) ;
#3149=EDGE_CURVE('',#3146,#3148,#3144,.T.) ;
#3156=EDGE_CURVE('',#3155,#3148,#3153,.T.) ;
#3163=EDGE_CURVE('',#3162,#3155,#3160,.T.) ;
#3168=EDGE_CURVE('',#3162,#3146,#3167,.T.) ;
#3187=EDGE_CURVE('',#3186,#3146,#3184,.T.) ;
#3194=EDGE_CURVE('',#3193,#3162,#3191,.T.) ;
#3199=EDGE_CURVE('',#3193,#3186,#3198,.T.) ;
#3220=EDGE_CURVE('',#3217,#3219,#3215,.T.) ;
#3227=EDGE_CURVE('',#3219,#3226,#3224,.T.) ;
#3234=EDGE_CURVE('',#3226,#3233,#3231,.T.) ;
#3239=EDGE_CURVE('',#3233,#3217,#3238,.T.) ;
#3252=EDGE_CURVE('',#3251,#3186,#3249,.T.) ;
#3257=EDGE_CURVE('',#3148,#3251,#3256,.T.) ;
#3276=EDGE_CURVE('',#3275,#3193,#3273,.T.) ;
#3281=EDGE_CURVE('',#3275,#3251,#3280,.T.) ;
#3300=EDGE_CURVE('',#3299,#3217,#3297,.T.) ;
#3307=EDGE_CURVE('',#3299,#3306,#3304,.T.) ;
#3312=EDGE_CURVE('',#3306,#3219,#3311,.T.) ;
#3331=EDGE_CURVE('',#3306,#3330,#3328,.T.) ;
#3336=EDGE_CURVE('',#3330,#3226,#3335,.T.) ;
#3355=EDGE_CURVE('',#3330,#3354,#3352,.T.) ;
#3360=EDGE_CURVE('',#3354,#3233,#3359,.T.) ;
#3377=EDGE_CURVE('',#3354,#3299,#3376,.T.) ;
#3394=EDGE_CURVE('',#3155,#3275,#3393,.T.) ;
#3685=EDGE_CURVE('',#3682,#3684,#3680,.T.) ;
#3692=EDGE_CURVE('',#3691,#3684,#3689,.T.) ;
#3699=EDGE_CURVE('',#3698,#3691,#3696,.T.) ;
#3704=EDGE_CURVE('',#3698,#3682,#3703,.T.) ;
#3723=EDGE_CURVE('',#3722,#3682,#3720,.T.) ;
#3730=EDGE_CURVE('',#3729,#3698,#3727,.T.) ;
#3735=EDGE_CURVE('',#3729,#3722,#3734,.T.) ;
#3756=EDGE_CURVE('',#3753,#3755,#3751,.T.) ;
#3763=EDGE_CURVE('',#3755,#3762,#3760,.T.) ;
#3770=EDGE_CURVE('',#3762,#3769,#3767,.T.) ;
#3775=EDGE_CURVE('',#3769,#3753,#3774,.T.) ;
#3788=EDGE_CURVE('',#3787,#3722,#3785,.T.) ;
#3793=EDGE_CURVE('',#3684,#3787,#3792,.T.) ;
#3812=EDGE_CURVE('',#3811,#3729,#3809,.T.) ;
#3817=EDGE_CURVE('',#3811,#3787,#3816,.T.) ;
#3836=EDGE_CURVE('',#3835,#3753,#3833,.T.) ;
#3843=EDGE_CURVE('',#3835,#3842,#3840,.T.) ;
#3848=EDGE_CURVE('',#3842,#3755,#3847,.T.) ;
#3867=EDGE_CURVE('',#3842,#3866,#3864,.T.) ;
#3872=EDGE_CURVE('',#3866,#3762,#3871,.T.) ;
#3891=EDGE_CURVE('',#3866,#3890,#3888,.T.) ;
#3896=EDGE_CURVE('',#3890,#3769,#3895,.T.) ;
#3913=EDGE_CURVE('',#3890,#3835,#3912,.T.) ;
#3930=EDGE_CURVE('',#3691,#3811,#3929,.T.) ;
#4011=EDGE_CURVE('',#4008,#4010,#4006,.T.) ;
#4018=EDGE_CURVE('',#4008,#4017,#4015,.T.) ;
#4025=EDGE_CURVE('',#4017,#4024,#4022,.T.) ;
#4030=EDGE_CURVE('',#4010,#4024,#4029,.T.) ;
#4049=EDGE_CURVE('',#4017,#4048,#4046,.T.) ;
#4056=EDGE_CURVE('',#4048,#4055,#4053,.T.) ;
#4061=EDGE_CURVE('',#4024,#4055,#4060,.T.) ;
#4080=EDGE_CURVE('',#4048,#4079,#4077,.T.) ;
#4087=EDGE_CURVE('',#4079,#4086,#4084,.T.) ;
#4092=EDGE_CURVE('',#4055,#4086,#4091,.T.) ;
#4111=EDGE_CURVE('',#4079,#4110,#4108,.T.) ;
#4118=EDGE_CURVE('',#4110,#4117,#4115,.T.) ;
#4123=EDGE_CURVE('',#4086,#4117,#4122,.T.) ;
#4142=EDGE_CURVE('',#4110,#4141,#4139,.T.) ;
#4149=EDGE_CURVE('',#4141,#4148,#4146,.T.) ;
#4154=EDGE_CURVE('',#4117,#4148,#4153,.T.) ;
#4173=EDGE_CURVE('',#4141,#4172,#4170,.T.) ;
#4180=EDGE_CURVE('',#4172,#4179,#4177,.T.) ;
#4185=EDGE_CURVE('',#4148,#4179,#4184,.T.) ;
#4199=EDGE_CURVE('',#4172,#4198,#4196,.T.) ;
#4206=EDGE_CURVE('',#4198,#4205,#4203,.T.) ;
#4211=EDGE_CURVE('',#4179,#4205,#4210,.T.) ;
#4228=EDGE_CURVE('',#4198,#4008,#4227,.T.) ;
#4233=EDGE_CURVE('',#4205,#4010,#4232,.T.) ;
#96=EDGE_LOOP('',(#97,#98,#99,#100)) ;
#127=EDGE_LOOP('',(#128,#129,#130,#131)) ;
#167=EDGE_LOOP('',(#168,#169,#170,#171)) ;
#185=EDGE_LOOP('',(#186,#187,#188,#189)) ;
#209=EDGE_LOOP('',(#210,#211,#212,#213)) ;
#240=EDGE_LOOP('',(#241,#242,#243,#244)) ;
#264=EDGE_LOOP('',(#265,#266,#267,#268)) ;
#288=EDGE_LOOP('',(#289,#290,#291,#292)) ;
#305=EDGE_LOOP('',(#306,#307,#308,#309)) ;
#322=EDGE_LOOP('',(#323,#324,#325,#326)) ;
#334=EDGE_LOOP('',(#335,#336,#337,#338)) ;
#340=EDGE_LOOP('',(#341,#342,#343,#344)) ;
#557=EDGE_LOOP('',(#558,#559,#560,#561)) ;
#588=EDGE_LOOP('',(#589,#590,#591,#592)) ;
#628=EDGE_LOOP('',(#629,#630,#631,#632)) ;
#646=EDGE_LOOP('',(#647,#648,#649,#650)) ;
#670=EDGE_LOOP('',(#671,#672,#673,#674)) ;
#701=EDGE_LOOP('',(#702,#703,#704,#705)) ;
#725=EDGE_LOOP('',(#726,#727,#728,#729)) ;
#749=EDGE_LOOP('',(#750,#751,#752,#753)) ;
#766=EDGE_LOOP('',(#767,#768,#769,#770)) ;
#783=EDGE_LOOP('',(#784,#785,#786,#787)) ;
#795=EDGE_LOOP('',(#796,#797,#798,#799)) ;
#801=EDGE_LOOP('',(#802,#803,#804,#805)) ;
#958=EDGE_LOOP('',(#959,#960,#961,#962)) ;
#992=EDGE_LOOP('',(#993,#994,#995,#996)) ;
#1023=EDGE_LOOP('',(#1024,#1025,#1026,#1027)) ;
#1047=EDGE_LOOP('',(#1048,#1049,#1050,#1051)) ;
#1071=EDGE_LOOP('',(#1072,#1073,#1074,#1075)) ;
#1088=EDGE_LOOP('',(#1089,#1090,#1091,#1092)) ;
#1100=EDGE_LOOP('',(#1101,#1102,#1103,#1104)) ;
#1134=EDGE_LOOP('',(#1135,#1136,#1137,#1138)) ;
#1156=EDGE_LOOP('',(#1157,#1158,#1159,#1160)) ;
#1173=EDGE_LOOP('',(#1174,#1175,#1176,#1177)) ;
#1190=EDGE_LOOP('',(#1191,#1192,#1193,#1194)) ;
#1202=EDGE_LOOP('',(#1203,#1204,#1205,#1206)) ;
#1389=EDGE_LOOP('',(#1390,#1391,#1392,#1393)) ;
#1423=EDGE_LOOP('',(#1424,#1425,#1426,#1427)) ;
#1454=EDGE_LOOP('',(#1455,#1456,#1457,#1458)) ;
#1478=EDGE_LOOP('',(#1479,#1480,#1481,#1482)) ;
#1502=EDGE_LOOP('',(#1503,#1504,#1505,#1506)) ;
#1519=EDGE_LOOP('',(#1520,#1521,#1522,#1523)) ;
#1531=EDGE_LOOP('',(#1532,#1533,#1534,#1535)) ;
#1565=EDGE_LOOP('',(#1566,#1567,#1568,#1569)) ;
#1587=EDGE_LOOP('',(#1588,#1589,#1590,#1591)) ;
#1604=EDGE_LOOP('',(#1605,#1606,#1607,#1608)) ;
#1621=EDGE_LOOP('',(#1622,#1623,#1624,#1625)) ;
#1633=EDGE_LOOP('',(#1634,#1635,#1636,#1637)) ;
#1745=EDGE_LOOP('',(#1746,#1747,#1748,#1749)) ;
#1776=EDGE_LOOP('',(#1777,#1778,#1779,#1780)) ;
#1807=EDGE_LOOP('',(#1808,#1809,#1810,#1811)) ;
#1838=EDGE_LOOP('',(#1839,#1840,#1841,#1842)) ;
#1869=EDGE_LOOP('',(#1870,#1871,#1872,#1873)) ;
#1886=EDGE_LOOP('',(#1887,#1888,#1889,#1890)) ;
#1898=EDGE_LOOP('',(#1899,#1900,#1901,#1902,#1903,#1904)) ;
#1912=EDGE_LOOP('',(#1913,#1914,#1915,#1916,#1917,#1918)) ;
#2131=EDGE_LOOP('',(#2132,#2133,#2134,#2135)) ;
#2162=EDGE_LOOP('',(#2163,#2164,#2165,#2166)) ;
#2202=EDGE_LOOP('',(#2203,#2204,#2205,#2206)) ;
#2220=EDGE_LOOP('',(#2221,#2222,#2223,#2224)) ;
#2244=EDGE_LOOP('',(#2245,#2246,#2247,#2248)) ;
#2275=EDGE_LOOP('',(#2276,#2277,#2278,#2279)) ;
#2299=EDGE_LOOP('',(#2300,#2301,#2302,#2303)) ;
#2323=EDGE_LOOP('',(#2324,#2325,#2326,#2327)) ;
#2340=EDGE_LOOP('',(#2341,#2342,#2343,#2344)) ;
#2357=EDGE_LOOP('',(#2358,#2359,#2360,#2361)) ;
#2369=EDGE_LOOP('',(#2370,#2371,#2372,#2373)) ;
#2375=EDGE_LOOP('',(#2376,#2377,#2378,#2379)) ;
#2442=EDGE_LOOP('',(#2443,#2444,#2445,#2446)) ;
#2473=EDGE_LOOP('',(#2474,#2475,#2476,#2477)) ;
#2513=EDGE_LOOP('',(#2514,#2515,#2516,#2517)) ;
#2531=EDGE_LOOP('',(#2532,#2533,#2534,#2535)) ;
#2555=EDGE_LOOP('',(#2556,#2557,#2558,#2559)) ;
#2586=EDGE_LOOP('',(#2587,#2588,#2589,#2590)) ;
#2610=EDGE_LOOP('',(#2611,#2612,#2613,#2614)) ;
#2634=EDGE_LOOP('',(#2635,#2636,#2637,#2638)) ;
#2651=EDGE_LOOP('',(#2652,#2653,#2654,#2655)) ;
#2668=EDGE_LOOP('',(#2669,#2670,#2671,#2672)) ;
#2680=EDGE_LOOP('',(#2681,#2682,#2683,#2684)) ;
#2686=EDGE_LOOP('',(#2687,#2688,#2689,#2690)) ;
#2798=EDGE_LOOP('',(#2799,#2800,#2801,#2802)) ;
#2829=EDGE_LOOP('',(#2830,#2831,#2832,#2833)) ;
#2869=EDGE_LOOP('',(#2870,#2871,#2872,#2873)) ;
#2887=EDGE_LOOP('',(#2888,#2889,#2890,#2891)) ;
#2911=EDGE_LOOP('',(#2912,#2913,#2914,#2915)) ;
#2942=EDGE_LOOP('',(#2943,#2944,#2945,#2946)) ;
#2966=EDGE_LOOP('',(#2967,#2968,#2969,#2970)) ;
#2990=EDGE_LOOP('',(#2991,#2992,#2993,#2994)) ;
#3007=EDGE_LOOP('',(#3008,#3009,#3010,#3011)) ;
#3024=EDGE_LOOP('',(#3025,#3026,#3027,#3028)) ;
#3036=EDGE_LOOP('',(#3037,#3038,#3039,#3040)) ;
#3042=EDGE_LOOP('',(#3043,#3044,#3045,#3046)) ;
#3169=EDGE_LOOP('',(#3170,#3171,#3172,#3173)) ;
#3200=EDGE_LOOP('',(#3201,#3202,#3203,#3204)) ;
#3240=EDGE_LOOP('',(#3241,#3242,#3243,#3244)) ;
#3258=EDGE_LOOP('',(#3259,#3260,#3261,#3262)) ;
#3282=EDGE_LOOP('',(#3283,#3284,#3285,#3286)) ;
#3313=EDGE_LOOP('',(#3314,#3315,#3316,#3317)) ;
#3337=EDGE_LOOP('',(#3338,#3339,#3340,#3341)) ;
#3361=EDGE_LOOP('',(#3362,#3363,#3364,#3365)) ;
#3378=EDGE_LOOP('',(#3379,#3380,#3381,#3382)) ;
#3395=EDGE_LOOP('',(#3396,#3397,#3398,#3399)) ;
#3407=EDGE_LOOP('',(#3408,#3409,#3410,#3411)) ;
#3413=EDGE_LOOP('',(#3414,#3415,#3416,#3417)) ;
#3705=EDGE_LOOP('',(#3706,#3707,#3708,#3709)) ;
#3736=EDGE_LOOP('',(#3737,#3738,#3739,#3740)) ;
#3776=EDGE_LOOP('',(#3777,#3778,#3779,#3780)) ;
#3794=EDGE_LOOP('',(#3795,#3796,#3797,#3798)) ;
#3818=EDGE_LOOP('',(#3819,#3820,#3821,#3822)) ;
#3849=EDGE_LOOP('',(#3850,#3851,#3852,#3853)) ;
#3873=EDGE_LOOP('',(#3874,#3875,#3876,#3877)) ;
#3897=EDGE_LOOP('',(#3898,#3899,#3900,#3901)) ;
#3914=EDGE_LOOP('',(#3915,#3916,#3917,#3918)) ;
#3931=EDGE_LOOP('',(#3932,#3933,#3934,#3935)) ;
#3943=EDGE_LOOP('',(#3944,#3945,#3946,#3947)) ;
#3949=EDGE_LOOP('',(#3950,#3951,#3952,#3953)) ;
#4031=EDGE_LOOP('',(#4032,#4033,#4034,#4035)) ;
#4062=EDGE_LOOP('',(#4063,#4064,#4065,#4066)) ;
#4093=EDGE_LOOP('',(#4094,#4095,#4096,#4097)) ;
#4124=EDGE_LOOP('',(#4125,#4126,#4127,#4128)) ;
#4155=EDGE_LOOP('',(#4156,#4157,#4158,#4159)) ;
#4186=EDGE_LOOP('',(#4187,#4188,#4189,#4190)) ;
#4212=EDGE_LOOP('',(#4213,#4214,#4215,#4216)) ;
#4234=EDGE_LOOP('',(#4235,#4236,#4237,#4238)) ;
#4246=EDGE_LOOP('',(#4247,#4248,#4249,#4250,#4251,#4252,#4253,#4254)) ;
#4262=EDGE_LOOP('',(#4263,#4264,#4265,#4266,#4267,#4268,#4269,#4270)) ;
#101=FACE_OUTER_BOUND('',#96,.T.) ;
#132=FACE_OUTER_BOUND('',#127,.T.) ;
#172=FACE_OUTER_BOUND('',#167,.T.) ;
#214=FACE_OUTER_BOUND('',#209,.T.) ;
#245=FACE_OUTER_BOUND('',#240,.T.) ;
#269=FACE_OUTER_BOUND('',#264,.T.) ;
#293=FACE_OUTER_BOUND('',#288,.T.) ;
#310=FACE_OUTER_BOUND('',#305,.T.) ;
#327=FACE_OUTER_BOUND('',#322,.T.) ;
#339=FACE_OUTER_BOUND('',#334,.T.) ;
#562=FACE_OUTER_BOUND('',#557,.T.) ;
#593=FACE_OUTER_BOUND('',#588,.T.) ;
#633=FACE_OUTER_BOUND('',#628,.T.) ;
#675=FACE_OUTER_BOUND('',#670,.T.) ;
#706=FACE_OUTER_BOUND('',#701,.T.) ;
#730=FACE_OUTER_BOUND('',#725,.T.) ;
#754=FACE_OUTER_BOUND('',#749,.T.) ;
#771=FACE_OUTER_BOUND('',#766,.T.) ;
#788=FACE_OUTER_BOUND('',#783,.T.) ;
#800=FACE_OUTER_BOUND('',#795,.T.) ;
#963=FACE_OUTER_BOUND('',#958,.T.) ;
#1028=FACE_OUTER_BOUND('',#1023,.T.) ;
#1052=FACE_OUTER_BOUND('',#1047,.T.) ;
#1076=FACE_OUTER_BOUND('',#1071,.T.) ;
#1093=FACE_OUTER_BOUND('',#1088,.T.) ;
#1105=FACE_OUTER_BOUND('',#1100,.T.) ;
#1161=FACE_OUTER_BOUND('',#1156,.T.) ;
#1178=FACE_OUTER_BOUND('',#1173,.T.) ;
#1195=FACE_OUTER_BOUND('',#1190,.T.) ;
#1207=FACE_OUTER_BOUND('',#1202,.T.) ;
#1394=FACE_OUTER_BOUND('',#1389,.T.) ;
#1459=FACE_OUTER_BOUND('',#1454,.T.) ;
#1483=FACE_OUTER_BOUND('',#1478,.T.) ;
#1507=FACE_OUTER_BOUND('',#1502,.T.) ;
#1524=FACE_OUTER_BOUND('',#1519,.T.) ;
#1536=FACE_OUTER_BOUND('',#1531,.T.) ;
#1592=FACE_OUTER_BOUND('',#1587,.T.) ;
#1609=FACE_OUTER_BOUND('',#1604,.T.) ;
#1626=FACE_OUTER_BOUND('',#1621,.T.) ;
#1638=FACE_OUTER_BOUND('',#1633,.T.) ;
#1750=FACE_OUTER_BOUND('',#1745,.T.) ;
#1781=FACE_OUTER_BOUND('',#1776,.T.) ;
#1812=FACE_OUTER_BOUND('',#1807,.T.) ;
#1843=FACE_OUTER_BOUND('',#1838,.T.) ;
#1874=FACE_OUTER_BOUND('',#1869,.T.) ;
#1891=FACE_OUTER_BOUND('',#1886,.T.) ;
#1905=FACE_OUTER_BOUND('',#1898,.T.) ;
#1919=FACE_OUTER_BOUND('',#1912,.T.) ;
#2136=FACE_OUTER_BOUND('',#2131,.T.) ;
#2167=FACE_OUTER_BOUND('',#2162,.T.) ;
#2207=FACE_OUTER_BOUND('',#2202,.T.) ;
#2249=FACE_OUTER_BOUND('',#2244,.T.) ;
#2280=FACE_OUTER_BOUND('',#2275,.T.) ;
#2304=FACE_OUTER_BOUND('',#2299,.T.) ;
#2328=FACE_OUTER_BOUND('',#2323,.T.) ;
#2345=FACE_OUTER_BOUND('',#2340,.T.) ;
#2362=FACE_OUTER_BOUND('',#2357,.T.) ;
#2374=FACE_OUTER_BOUND('',#2369,.T.) ;
#2447=FACE_OUTER_BOUND('',#2442,.T.) ;
#2478=FACE_OUTER_BOUND('',#2473,.T.) ;
#2518=FACE_OUTER_BOUND('',#2513,.T.) ;
#2560=FACE_OUTER_BOUND('',#2555,.T.) ;
#2591=FACE_OUTER_BOUND('',#2586,.T.) ;
#2615=FACE_OUTER_BOUND('',#2610,.T.) ;
#2639=FACE_OUTER_BOUND('',#2634,.T.) ;
#2656=FACE_OUTER_BOUND('',#2651,.T.) ;
#2673=FACE_OUTER_BOUND('',#2668,.T.) ;
#2685=FACE_OUTER_BOUND('',#2680,.T.) ;
#2803=FACE_OUTER_BOUND('',#2798,.T.) ;
#2834=FACE_OUTER_BOUND('',#2829,.T.) ;
#2874=FACE_OUTER_BOUND('',#2869,.T.) ;
#2916=FACE_OUTER_BOUND('',#2911,.T.) ;
#2947=FACE_OUTER_BOUND('',#2942,.T.) ;
#2971=FACE_OUTER_BOUND('',#2966,.T.) ;
#2995=FACE_OUTER_BOUND('',#2990,.T.) ;
#3012=FACE_OUTER_BOUND('',#3007,.T.) ;
#3029=FACE_OUTER_BOUND('',#3024,.T.) ;
#3041=FACE_OUTER_BOUND('',#3036,.T.) ;
#3174=FACE_OUTER_BOUND('',#3169,.T.) ;
#3205=FACE_OUTER_BOUND('',#3200,.T.) ;
#3245=FACE_OUTER_BOUND('',#3240,.T.) ;
#3287=FACE_OUTER_BOUND('',#3282,.T.) ;
#3318=FACE_OUTER_BOUND('',#3313,.T.) ;
#3342=FACE_OUTER_BOUND('',#3337,.T.) ;
#3366=FACE_OUTER_BOUND('',#3361,.T.) ;
#3383=FACE_OUTER_BOUND('',#3378,.T.) ;
#3400=FACE_OUTER_BOUND('',#3395,.T.) ;
#3412=FACE_OUTER_BOUND('',#3407,.T.) ;
#3710=FACE_OUTER_BOUND('',#3705,.T.) ;
#3741=FACE_OUTER_BOUND('',#3736,.T.) ;
#3781=FACE_OUTER_BOUND('',#3776,.T.) ;
#3823=FACE_OUTER_BOUND('',#3818,.T.) ;
#3854=FACE_OUTER_BOUND('',#3849,.T.) ;
#3878=FACE_OUTER_BOUND('',#3873,.T.) ;
#3902=FACE_OUTER_BOUND('',#3897,.T.) ;
#3919=FACE_OUTER_BOUND('',#3914,.T.) ;
#3936=FACE_OUTER_BOUND('',#3931,.T.) ;
#3948=FACE_OUTER_BOUND('',#3943,.T.) ;
#4036=FACE_OUTER_BOUND('',#4031,.T.) ;
#4067=FACE_OUTER_BOUND('',#4062,.T.) ;
#4098=FACE_OUTER_BOUND('',#4093,.T.) ;
#4129=FACE_OUTER_BOUND('',#4124,.T.) ;
#4160=FACE_OUTER_BOUND('',#4155,.T.) ;
#4191=FACE_OUTER_BOUND('',#4186,.T.) ;
#4217=FACE_OUTER_BOUND('',#4212,.T.) ;
#4239=FACE_OUTER_BOUND('',#4234,.T.) ;
#4255=FACE_OUTER_BOUND('',#4246,.T.) ;
#4271=FACE_OUTER_BOUND('',#4262,.T.) ;
#50=UNCERTAINTY_MEASURE_WITH_UNIT(LENGTH_MEASURE(0.005),#46,'distance_accuracy_value','CONFUSED CURVE UNCERTAINTY') ;
#52=UNCERTAINTY_MEASURE_WITH_UNIT(LENGTH_MEASURE(0.005),#46,'distance_accuracy_value','CONFUSED CURVE UNCERTAINTY') ;
#363=UNCERTAINTY_MEASURE_WITH_UNIT(LENGTH_MEASURE(0.005),#46,'distance_accuracy_value','CONFUSED CURVE UNCERTAINTY') ;
#378=UNCERTAINTY_MEASURE_WITH_UNIT(LENGTH_MEASURE(0.005),#46,'distance_accuracy_value','CONFUSED CURVE UNCERTAINTY') ;
#393=UNCERTAINTY_MEASURE_WITH_UNIT(LENGTH_MEASURE(0.005),#46,'distance_accuracy_value','CONFUSED CURVE UNCERTAINTY') ;
#408=UNCERTAINTY_MEASURE_WITH_UNIT(LENGTH_MEASURE(0.005),#46,'distance_accuracy_value','CONFUSED CURVE UNCERTAINTY') ;
#423=UNCERTAINTY_MEASURE_WITH_UNIT(LENGTH_MEASURE(0.005),#46,'distance_accuracy_value','CONFUSED CURVE UNCERTAINTY') ;
#438=UNCERTAINTY_MEASURE_WITH_UNIT(LENGTH_MEASURE(0.005),#46,'distance_accuracy_value','CONFUSED CURVE UNCERTAINTY') ;
#453=UNCERTAINTY_MEASURE_WITH_UNIT(LENGTH_MEASURE(0.005),#46,'distance_accuracy_value','CONFUSED CURVE UNCERTAINTY') ;
#468=UNCERTAINTY_MEASURE_WITH_UNIT(LENGTH_MEASURE(0.005),#46,'distance_accuracy_value','CONFUSED CURVE UNCERTAINTY') ;
#483=UNCERTAINTY_MEASURE_WITH_UNIT(LENGTH_MEASURE(0.005),#46,'distance_accuracy_value','CONFUSED CURVE UNCERTAINTY') ;
#498=UNCERTAINTY_MEASURE_WITH_UNIT(LENGTH_MEASURE(0.005),#46,'distance_accuracy_value','CONFUSED CURVE UNCERTAINTY') ;
#513=UNCERTAINTY_MEASURE_WITH_UNIT(LENGTH_MEASURE(0.005),#46,'distance_accuracy_value','CONFUSED CURVE UNCERTAINTY') ;
#824=UNCERTAINTY_MEASURE_WITH_UNIT(LENGTH_MEASURE(0.005),#46,'distance_accuracy_value','CONFUSED CURVE UNCERTAINTY') ;
#839=UNCERTAINTY_MEASURE_WITH_UNIT(LENGTH_MEASURE(0.005),#46,'distance_accuracy_value','CONFUSED CURVE UNCERTAINTY') ;
#854=UNCERTAINTY_MEASURE_WITH_UNIT(LENGTH_MEASURE(0.005),#46,'distance_accuracy_value','CONFUSED CURVE UNCERTAINTY') ;
#869=UNCERTAINTY_MEASURE_WITH_UNIT(LENGTH_MEASURE(0.005),#46,'distance_accuracy_value','CONFUSED CURVE UNCERTAINTY') ;
#884=UNCERTAINTY_MEASURE_WITH_UNIT(LENGTH_MEASURE(0.005),#46,'distance_accuracy_value','CONFUSED CURVE UNCERTAINTY') ;
#899=UNCERTAINTY_MEASURE_WITH_UNIT(LENGTH_MEASURE(0.005),#46,'distance_accuracy_value','CONFUSED CURVE UNCERTAINTY') ;
#914=UNCERTAINTY_MEASURE_WITH_UNIT(LENGTH_MEASURE(0.005),#46,'distance_accuracy_value','CONFUSED CURVE UNCERTAINTY') ;
#1225=UNCERTAINTY_MEASURE_WITH_UNIT(LENGTH_MEASURE(0.005),#46,'distance_accuracy_value','CONFUSED CURVE UNCERTAINTY') ;
#1240=UNCERTAINTY_MEASURE_WITH_UNIT(LENGTH_MEASURE(0.005),#46,'distance_accuracy_value','CONFUSED CURVE UNCERTAINTY') ;
#1255=UNCERTAINTY_MEASURE_WITH_UNIT(LENGTH_MEASURE(0.005),#46,'distance_accuracy_value','CONFUSED CURVE UNCERTAINTY') ;
#1270=UNCERTAINTY_MEASURE_WITH_UNIT(LENGTH_MEASURE(0.005),#46,'distance_accuracy_value','CONFUSED CURVE UNCERTAINTY') ;
#1285=UNCERTAINTY_MEASURE_WITH_UNIT(LENGTH_MEASURE(0.005),#46,'distance_accuracy_value','CONFUSED CURVE UNCERTAINTY') ;
#1300=UNCERTAINTY_MEASURE_WITH_UNIT(LENGTH_MEASURE(0.005),#46,'distance_accuracy_value','CONFUSED CURVE UNCERTAINTY') ;
#1315=UNCERTAINTY_MEASURE_WITH_UNIT(LENGTH_MEASURE(0.005),#46,'distance_accuracy_value','CONFUSED CURVE UNCERTAINTY') ;
#1330=UNCERTAINTY_MEASURE_WITH_UNIT(LENGTH_MEASURE(0.005),#46,'distance_accuracy_value','CONFUSED CURVE UNCERTAINTY') ;
#1345=UNCERTAINTY_MEASURE_WITH_UNIT(LENGTH_MEASURE(0.005),#46,'distance_accuracy_value','CONFUSED CURVE UNCERTAINTY') ;
#1656=UNCERTAINTY_MEASURE_WITH_UNIT(LENGTH_MEASURE(0.005),#46,'distance_accuracy_value','CONFUSED CURVE UNCERTAINTY') ;
#1671=UNCERTAINTY_MEASURE_WITH_UNIT(LENGTH_MEASURE(0.005),#46,'distance_accuracy_value','CONFUSED CURVE UNCERTAINTY') ;
#1686=UNCERTAINTY_MEASURE_WITH_UNIT(LENGTH_MEASURE(0.005),#46,'distance_accuracy_value','CONFUSED CURVE UNCERTAINTY') ;
#1701=UNCERTAINTY_MEASURE_WITH_UNIT(LENGTH_MEASURE(0.005),#46,'distance_accuracy_value','CONFUSED CURVE UNCERTAINTY') ;
#1937=UNCERTAINTY_MEASURE_WITH_UNIT(LENGTH_MEASURE(0.005),#46,'distance_accuracy_value','CONFUSED CURVE UNCERTAINTY') ;
#1952=UNCERTAINTY_MEASURE_WITH_UNIT(LENGTH_MEASURE(0.005),#46,'distance_accuracy_value','CONFUSED CURVE UNCERTAINTY') ;
#1967=UNCERTAINTY_MEASURE_WITH_UNIT(LENGTH_MEASURE(0.005),#46,'distance_accuracy_value','CONFUSED CURVE UNCERTAINTY') ;
#1982=UNCERTAINTY_MEASURE_WITH_UNIT(LENGTH_MEASURE(0.005),#46,'distance_accuracy_value','CONFUSED CURVE UNCERTAINTY') ;
#1997=UNCERTAINTY_MEASURE_WITH_UNIT(LENGTH_MEASURE(0.005),#46,'distance_accuracy_value','CONFUSED CURVE UNCERTAINTY') ;
#2012=UNCERTAINTY_MEASURE_WITH_UNIT(LENGTH_MEASURE(0.005),#46,'distance_accuracy_value','CONFUSED CURVE UNCERTAINTY') ;
#2027=UNCERTAINTY_MEASURE_WITH_UNIT(LENGTH_MEASURE(0.005),#46,'distance_accuracy_value','CONFUSED CURVE UNCERTAINTY') ;
#2042=UNCERTAINTY_MEASURE_WITH_UNIT(LENGTH_MEASURE(0.005),#46,'distance_accuracy_value','CONFUSED CURVE UNCERTAINTY') ;
#2057=UNCERTAINTY_MEASURE_WITH_UNIT(LENGTH_MEASURE(0.005),#46,'distance_accuracy_value','CONFUSED CURVE UNCERTAINTY') ;
#2072=UNCERTAINTY_MEASURE_WITH_UNIT(LENGTH_MEASURE(0.005),#46,'distance_accuracy_value','CONFUSED CURVE UNCERTAINTY') ;
#2087=UNCERTAINTY_MEASURE_WITH_UNIT(LENGTH_MEASURE(0.005),#46,'distance_accuracy_value','CONFUSED CURVE UNCERTAINTY') ;
#2398=UNCERTAINTY_MEASURE_WITH_UNIT(LENGTH_MEASURE(0.005),#46,'distance_accuracy_value','CONFUSED CURVE UNCERTAINTY') ;
#2709=UNCERTAINTY_MEASURE_WITH_UNIT(LENGTH_MEASURE(0.005),#46,'distance_accuracy_value','CONFUSED CURVE UNCERTAINTY') ;
#2724=UNCERTAINTY_MEASURE_WITH_UNIT(LENGTH_MEASURE(0.005),#46,'distance_accuracy_value','CONFUSED CURVE UNCERTAINTY') ;
#2739=UNCERTAINTY_MEASURE_WITH_UNIT(LENGTH_MEASURE(0.005),#46,'distance_accuracy_value','CONFUSED CURVE UNCERTAINTY') ;
#2754=UNCERTAINTY_MEASURE_WITH_UNIT(LENGTH_MEASURE(0.005),#46,'distance_accuracy_value','CONFUSED CURVE UNCERTAINTY') ;
#3065=UNCERTAINTY_MEASURE_WITH_UNIT(LENGTH_MEASURE(0.005),#46,'distance_accuracy_value','CONFUSED CURVE UNCERTAINTY') ;
#3080=UNCERTAINTY_MEASURE_WITH_UNIT(LENGTH_MEASURE(0.005),#46,'distance_accuracy_value','CONFUSED CURVE UNCERTAINTY') ;
#3095=UNCERTAINTY_MEASURE_WITH_UNIT(LENGTH_MEASURE(0.005),#46,'distance_accuracy_value','CONFUSED CURVE UNCERTAINTY') ;
#3110=UNCERTAINTY_MEASURE_WITH_UNIT(LENGTH_MEASURE(0.005),#46,'distance_accuracy_value','CONFUSED CURVE UNCERTAINTY') ;
#3125=UNCERTAINTY_MEASURE_WITH_UNIT(LENGTH_MEASURE(0.005),#46,'distance_accuracy_value','CONFUSED CURVE UNCERTAINTY') ;
#3436=UNCERTAINTY_MEASURE_WITH_UNIT(LENGTH_MEASURE(0.005),#46,'distance_accuracy_value','CONFUSED CURVE UNCERTAINTY') ;
#3451=UNCERTAINTY_MEASURE_WITH_UNIT(LENGTH_MEASURE(0.005),#46,'distance_accuracy_value','CONFUSED CURVE UNCERTAINTY') ;
#3466=UNCERTAINTY_MEASURE_WITH_UNIT(LENGTH_MEASURE(0.005),#46,'distance_accuracy_value','CONFUSED CURVE UNCERTAINTY') ;
#3481=UNCERTAINTY_MEASURE_WITH_UNIT(LENGTH_MEASURE(0.005),#46,'distance_accuracy_value','CONFUSED CURVE UNCERTAINTY') ;
#3496=UNCERTAINTY_MEASURE_WITH_UNIT(LENGTH_MEASURE(0.005),#46,'distance_accuracy_value','CONFUSED CURVE UNCERTAINTY') ;
#3511=UNCERTAINTY_MEASURE_WITH_UNIT(LENGTH_MEASURE(0.005),#46,'distance_accuracy_value','CONFUSED CURVE UNCERTAINTY') ;
#3526=UNCERTAINTY_MEASURE_WITH_UNIT(LENGTH_MEASURE(0.005),#46,'distance_accuracy_value','CONFUSED CURVE UNCERTAINTY') ;
#3541=UNCERTAINTY_MEASURE_WITH_UNIT(LENGTH_MEASURE(0.005),#46,'distance_accuracy_value','CONFUSED CURVE UNCERTAINTY') ;
#3556=UNCERTAINTY_MEASURE_WITH_UNIT(LENGTH_MEASURE(0.005),#46,'distance_accuracy_value','CONFUSED CURVE UNCERTAINTY') ;
#3571=UNCERTAINTY_MEASURE_WITH_UNIT(LENGTH_MEASURE(0.005),#46,'distance_accuracy_value','CONFUSED CURVE UNCERTAINTY') ;
#3586=UNCERTAINTY_MEASURE_WITH_UNIT(LENGTH_MEASURE(0.005),#46,'distance_accuracy_value','CONFUSED CURVE UNCERTAINTY') ;
#3601=UNCERTAINTY_MEASURE_WITH_UNIT(LENGTH_MEASURE(0.005),#46,'distance_accuracy_value','CONFUSED CURVE UNCERTAINTY') ;
#3616=UNCERTAINTY_MEASURE_WITH_UNIT(LENGTH_MEASURE(0.005),#46,'distance_accuracy_value','CONFUSED CURVE UNCERTAINTY') ;
#3631=UNCERTAINTY_MEASURE_WITH_UNIT(LENGTH_MEASURE(0.005),#46,'distance_accuracy_value','CONFUSED CURVE UNCERTAINTY') ;
#3646=UNCERTAINTY_MEASURE_WITH_UNIT(LENGTH_MEASURE(0.005),#46,'distance_accuracy_value','CONFUSED CURVE UNCERTAINTY') ;
#3661=UNCERTAINTY_MEASURE_WITH_UNIT(LENGTH_MEASURE(0.005),#46,'distance_accuracy_value','CONFUSED CURVE UNCERTAINTY') ;
#3972=UNCERTAINTY_MEASURE_WITH_UNIT(LENGTH_MEASURE(0.005),#46,'distance_accuracy_value','CONFUSED CURVE UNCERTAINTY') ;
#3987=UNCERTAINTY_MEASURE_WITH_UNIT(LENGTH_MEASURE(0.005),#46,'distance_accuracy_value','CONFUSED CURVE UNCERTAINTY') ;
#4289=UNCERTAINTY_MEASURE_WITH_UNIT(LENGTH_MEASURE(0.005),#46,'distance_accuracy_value','CONFUSED CURVE UNCERTAINTY') ;
#4304=UNCERTAINTY_MEASURE_WITH_UNIT(LENGTH_MEASURE(0.005),#46,'distance_accuracy_value','CONFUSED CURVE UNCERTAINTY') ;
#4319=UNCERTAINTY_MEASURE_WITH_UNIT(LENGTH_MEASURE(0.005),#46,'distance_accuracy_value','CONFUSED CURVE UNCERTAINTY') ;
#4334=UNCERTAINTY_MEASURE_WITH_UNIT(LENGTH_MEASURE(0.005),#46,'distance_accuracy_value','CONFUSED CURVE UNCERTAINTY') ;
#4349=UNCERTAINTY_MEASURE_WITH_UNIT(LENGTH_MEASURE(0.005),#46,'distance_accuracy_value','CONFUSED CURVE UNCERTAINTY') ;
#4364=UNCERTAINTY_MEASURE_WITH_UNIT(LENGTH_MEASURE(0.005),#46,'distance_accuracy_value','CONFUSED CURVE UNCERTAINTY') ;
#4379=UNCERTAINTY_MEASURE_WITH_UNIT(LENGTH_MEASURE(0.005),#46,'distance_accuracy_value','CONFUSED CURVE UNCERTAINTY') ;
#71=LINE('Line',#68,#70) ;
#80=LINE('Line',#77,#79) ;
#87=LINE('Line',#84,#86) ;
#94=LINE('Line',#91,#93) ;
#111=LINE('Line',#108,#110) ;
#118=LINE('Line',#115,#117) ;
#125=LINE('Line',#122,#124) ;
#142=LINE('Line',#139,#141) ;
#151=LINE('Line',#148,#150) ;
#158=LINE('Line',#155,#157) ;
#165=LINE('Line',#162,#164) ;
#176=LINE('Line',#173,#175) ;
#183=LINE('Line',#180,#182) ;
#200=LINE('Line',#197,#199) ;
#207=LINE('Line',#204,#206) ;
#224=LINE('Line',#221,#223) ;
#231=LINE('Line',#228,#230) ;
#238=LINE('Line',#235,#237) ;
#255=LINE('Line',#252,#254) ;
#262=LINE('Line',#259,#261) ;
#279=LINE('Line',#276,#278) ;
#286=LINE('Line',#283,#285) ;
#303=LINE('Line',#300,#302) ;
#320=LINE('Line',#317,#319) ;
#532=LINE('Line',#529,#531) ;
#541=LINE('Line',#538,#540) ;
#548=LINE('Line',#545,#547) ;
#555=LINE('Line',#552,#554) ;
#572=LINE('Line',#569,#571) ;
#579=LINE('Line',#576,#578) ;
#586=LINE('Line',#583,#585) ;
#603=LINE('Line',#600,#602) ;
#612=LINE('Line',#609,#611) ;
#619=LINE('Line',#616,#618) ;
#626=LINE('Line',#623,#625) ;
#637=LINE('Line',#634,#636) ;
#644=LINE('Line',#641,#643) ;
#661=LINE('Line',#658,#660) ;
#668=LINE('Line',#665,#667) ;
#685=LINE('Line',#682,#684) ;
#692=LINE('Line',#689,#691) ;
#699=LINE('Line',#696,#698) ;
#716=LINE('Line',#713,#715) ;
#723=LINE('Line',#720,#722) ;
#740=LINE('Line',#737,#739) ;
#747=LINE('Line',#744,#746) ;
#764=LINE('Line',#761,#763) ;
#781=LINE('Line',#778,#780) ;
#933=LINE('Line',#930,#932) ;
#942=LINE('Line',#939,#941) ;
#949=LINE('Line',#946,#948) ;
#956=LINE('Line',#953,#955) ;
#967=LINE('Line',#964,#966) ;
#976=LINE('Line',#973,#975) ;
#983=LINE('Line',#980,#982) ;
#990=LINE('Line',#987,#989) ;
#1007=LINE('Line',#1004,#1006) ;
#1016=LINE('Line',#1013,#1015) ;
#1021=LINE('Line',#1018,#1020) ;
#1038=LINE('Line',#1035,#1037) ;
#1045=LINE('Line',#1042,#1044) ;
#1062=LINE('Line',#1059,#1061) ;
#1069=LINE('Line',#1066,#1068) ;
#1086=LINE('Line',#1083,#1085) ;
#1109=LINE('Line',#1106,#1108) ;
#1118=LINE('Line',#1115,#1117) ;
#1125=LINE('Line',#1122,#1124) ;
#1132=LINE('Line',#1129,#1131) ;
#1149=LINE('Line',#1146,#1148) ;
#1154=LINE('Line',#1151,#1153) ;
#1171=LINE('Line',#1168,#1170) ;
#1188=LINE('Line',#1185,#1187) ;
#1364=LINE('Line',#1361,#1363) ;
#1373=LINE('Line',#1370,#1372) ;
#1380=LINE('Line',#1377,#1379) ;
#1387=LINE('Line',#1384,#1386) ;
#1398=LINE('Line',#1395,#1397) ;
#1407=LINE('Line',#1404,#1406) ;
#1414=LINE('Line',#1411,#1413) ;
#1421=LINE('Line',#1418,#1420) ;
#1438=LINE('Line',#1435,#1437) ;
#1445=LINE('Line',#1442,#1444) ;
#1452=LINE('Line',#1449,#1451) ;
#1469=LINE('Line',#1466,#1468) ;
#1476=LINE('Line',#1473,#1475) ;
#1493=LINE('Line',#1490,#1492) ;
#1500=LINE('Line',#1497,#1499) ;
#1517=LINE('Line',#1514,#1516) ;
#1540=LINE('Line',#1537,#1539) ;
#1549=LINE('Line',#1546,#1548) ;
#1556=LINE('Line',#1553,#1555) ;
#1563=LINE('Line',#1560,#1562) ;
#1580=LINE('Line',#1577,#1579) ;
#1585=LINE('Line',#1582,#1584) ;
#1602=LINE('Line',#1599,#1601) ;
#1619=LINE('Line',#1616,#1618) ;
#1720=LINE('Line',#1717,#1719) ;
#1729=LINE('Line',#1726,#1728) ;
#1736=LINE('Line',#1733,#1735) ;
#1743=LINE('Line',#1740,#1742) ;
#1760=LINE('Line',#1757,#1759) ;
#1767=LINE('Line',#1764,#1766) ;
#1774=LINE('Line',#1771,#1773) ;
#1791=LINE('Line',#1788,#1790) ;
#1798=LINE('Line',#1795,#1797) ;
#1805=LINE('Line',#1802,#1804) ;
#1822=LINE('Line',#1819,#1821) ;
#1829=LINE('Line',#1826,#1828) ;
#1836=LINE('Line',#1833,#1835) ;
#1853=LINE('Line',#1850,#1852) ;
#1860=LINE('Line',#1857,#1859) ;
#1867=LINE('Line',#1864,#1866) ;
#1879=LINE('Line',#1876,#1878) ;
#1884=LINE('Line',#1881,#1883) ;
#2106=LINE('Line',#2103,#2105) ;
#2115=LINE('Line',#2112,#2114) ;
#2122=LINE('Line',#2119,#2121) ;
#2129=LINE('Line',#2126,#2128) ;
#2146=LINE('Line',#2143,#2145) ;
#2153=LINE('Line',#2150,#2152) ;
#2160=LINE('Line',#2157,#2159) ;
#2177=LINE('Line',#2174,#2176) ;
#2186=LINE('Line',#2183,#2185) ;
#2193=LINE('Line',#2190,#2192) ;
#2200=LINE('Line',#2197,#2199) ;
#2211=LINE('Line',#2208,#2210) ;
#2218=LINE('Line',#2215,#2217) ;
#2235=LINE('Line',#2232,#2234) ;
#2242=LINE('Line',#2239,#2241) ;
#2259=LINE('Line',#2256,#2258) ;
#2266=LINE('Line',#2263,#2265) ;
#2273=LINE('Line',#2270,#2272) ;
#2290=LINE('Line',#2287,#2289) ;
#2297=LINE('Line',#2294,#2296) ;
#2314=LINE('Line',#2311,#2313) ;
#2321=LINE('Line',#2318,#2320) ;
#2338=LINE('Line',#2335,#2337) ;
#2355=LINE('Line',#2352,#2354) ;
#2417=LINE('Line',#2414,#2416) ;
#2426=LINE('Line',#2423,#2425) ;
#2433=LINE('Line',#2430,#2432) ;
#2440=LINE('Line',#2437,#2439) ;
#2457=LINE('Line',#2454,#2456) ;
#2464=LINE('Line',#2461,#2463) ;
#2471=LINE('Line',#2468,#2470) ;
#2488=LINE('Line',#2485,#2487) ;
#2497=LINE('Line',#2494,#2496) ;
#2504=LINE('Line',#2501,#2503) ;
#2511=LINE('Line',#2508,#2510) ;
#2522=LINE('Line',#2519,#2521) ;
#2529=LINE('Line',#2526,#2528) ;
#2546=LINE('Line',#2543,#2545) ;
#2553=LINE('Line',#2550,#2552) ;
#2570=LINE('Line',#2567,#2569) ;
#2577=LINE('Line',#2574,#2576) ;
#2584=LINE('Line',#2581,#2583) ;
#2601=LINE('Line',#2598,#2600) ;
#2608=LINE('Line',#2605,#2607) ;
#2625=LINE('Line',#2622,#2624) ;
#2632=LINE('Line',#2629,#2631) ;
#2649=LINE('Line',#2646,#2648) ;
#2666=LINE('Line',#2663,#2665) ;
#2773=LINE('Line',#2770,#2772) ;
#2782=LINE('Line',#2779,#2781) ;
#2789=LINE('Line',#2786,#2788) ;
#2796=LINE('Line',#2793,#2795) ;
#2813=LINE('Line',#2810,#2812) ;
#2820=LINE('Line',#2817,#2819) ;
#2827=LINE('Line',#2824,#2826) ;
#2844=LINE('Line',#2841,#2843) ;
#2853=LINE('Line',#2850,#2852) ;
#2860=LINE('Line',#2857,#2859) ;
#2867=LINE('Line',#2864,#2866) ;
#2878=LINE('Line',#2875,#2877) ;
#2885=LINE('Line',#2882,#2884) ;
#2902=LINE('Line',#2899,#2901) ;
#2909=LINE('Line',#2906,#2908) ;
#2926=LINE('Line',#2923,#2925) ;
#2933=LINE('Line',#2930,#2932) ;
#2940=LINE('Line',#2937,#2939) ;
#2957=LINE('Line',#2954,#2956) ;
#2964=LINE('Line',#2961,#2963) ;
#2981=LINE('Line',#2978,#2980) ;
#2988=LINE('Line',#2985,#2987) ;
#3005=LINE('Line',#3002,#3004) ;
#3022=LINE('Line',#3019,#3021) ;
#3144=LINE('Line',#3141,#3143) ;
#3153=LINE('Line',#3150,#3152) ;
#3160=LINE('Line',#3157,#3159) ;
#3167=LINE('Line',#3164,#3166) ;
#3184=LINE('Line',#3181,#3183) ;
#3191=LINE('Line',#3188,#3190) ;
#3198=LINE('Line',#3195,#3197) ;
#3215=LINE('Line',#3212,#3214) ;
#3224=LINE('Line',#3221,#3223) ;
#3231=LINE('Line',#3228,#3230) ;
#3238=LINE('Line',#3235,#3237) ;
#3249=LINE('Line',#3246,#3248) ;
#3256=LINE('Line',#3253,#3255) ;
#3273=LINE('Line',#3270,#3272) ;
#3280=LINE('Line',#3277,#3279) ;
#3297=LINE('Line',#3294,#3296) ;
#3304=LINE('Line',#3301,#3303) ;
#3311=LINE('Line',#3308,#3310) ;
#3328=LINE('Line',#3325,#3327) ;
#3335=LINE('Line',#3332,#3334) ;
#3352=LINE('Line',#3349,#3351) ;
#3359=LINE('Line',#3356,#3358) ;
#3376=LINE('Line',#3373,#3375) ;
#3393=LINE('Line',#3390,#3392) ;
#3680=LINE('Line',#3677,#3679) ;
#3689=LINE('Line',#3686,#3688) ;
#3696=LINE('Line',#3693,#3695) ;
#3703=LINE('Line',#3700,#3702) ;
#3720=LINE('Line',#3717,#3719) ;
#3727=LINE('Line',#3724,#3726) ;
#3734=LINE('Line',#3731,#3733) ;
#3751=LINE('Line',#3748,#3750) ;
#3760=LINE('Line',#3757,#3759) ;
#3767=LINE('Line',#3764,#3766) ;
#3774=LINE('Line',#3771,#3773) ;
#3785=LINE('Line',#3782,#3784) ;
#3792=LINE('Line',#3789,#3791) ;
#3809=LINE('Line',#3806,#3808) ;
#3816=LINE('Line',#3813,#3815) ;
#3833=LINE('Line',#3830,#3832) ;
#3840=LINE('Line',#3837,#3839) ;
#3847=LINE('Line',#3844,#3846) ;
#3864=LINE('Line',#3861,#3863) ;
#3871=LINE('Line',#3868,#3870) ;
#3888=LINE('Line',#3885,#3887) ;
#3895=LINE('Line',#3892,#3894) ;
#3912=LINE('Line',#3909,#3911) ;
#3929=LINE('Line',#3926,#3928) ;
#4006=LINE('Line',#4003,#4005) ;
#4015=LINE('Line',#4012,#4014) ;
#4022=LINE('Line',#4019,#4021) ;
#4029=LINE('Line',#4026,#4028) ;
#4046=LINE('Line',#4043,#4045) ;
#4053=LINE('Line',#4050,#4052) ;
#4060=LINE('Line',#4057,#4059) ;
#4077=LINE('Line',#4074,#4076) ;
#4084=LINE('Line',#4081,#4083) ;
#4091=LINE('Line',#4088,#4090) ;
#4108=LINE('Line',#4105,#4107) ;
#4115=LINE('Line',#4112,#4114) ;
#4122=LINE('Line',#4119,#4121) ;
#4139=LINE('Line',#4136,#4138) ;
#4146=LINE('Line',#4143,#4145) ;
#4153=LINE('Line',#4150,#4152) ;
#4170=LINE('Line',#4167,#4169) ;
#4177=LINE('Line',#4174,#4176) ;
#4184=LINE('Line',#4181,#4183) ;
#4196=LINE('Line',#4193,#4195) ;
#4203=LINE('Line',#4200,#4202) ;
#4210=LINE('Line',#4207,#4209) ;
#4227=LINE('Line',#4224,#4226) ;
#4232=LINE('Line',#4229,#4231) ;
#2=MECHANICAL_CONTEXT(' ',#1,'mechanical') ;
#350=NEXT_ASSEMBLY_USAGE_OCCURRENCE('Part1.1','Part1.1','',#17,#58,' ') ;
#365=NEXT_ASSEMBLY_USAGE_OCCURRENCE('Part1.2','Part1.2','',#17,#58,' ') ;
#380=NEXT_ASSEMBLY_USAGE_OCCURRENCE('Part1.3','Part1.3','',#17,#58,' ') ;
#395=NEXT_ASSEMBLY_USAGE_OCCURRENCE('Part1.4','Part1.4','',#17,#58,' ') ;
#410=NEXT_ASSEMBLY_USAGE_OCCURRENCE('Part1.5','Part1.5','',#17,#58,' ') ;
#425=NEXT_ASSEMBLY_USAGE_OCCURRENCE('Part1.6','Part1.6','',#17,#58,' ') ;
#440=NEXT_ASSEMBLY_USAGE_OCCURRENCE('Part1.7','Part1.7','',#17,#58,' ') ;
#455=NEXT_ASSEMBLY_USAGE_OCCURRENCE('Part1.8','Part1.8','',#17,#58,' ') ;
#470=NEXT_ASSEMBLY_USAGE_OCCURRENCE('Part1.9','Part1.9','',#17,#58,' ') ;
#485=NEXT_ASSEMBLY_USAGE_OCCURRENCE('Part1.10','Part1.10','',#17,#58,' ') ;
#500=NEXT_ASSEMBLY_USAGE_OCCURRENCE('Part1.11','Part1.11','',#17,#58,' ') ;
#811=NEXT_ASSEMBLY_USAGE_OCCURRENCE('Part2.1','Part2.1','',#17,#519,' ') ;
#826=NEXT_ASSEMBLY_USAGE_OCCURRENCE('Part2.2','Part2.2','',#17,#519,' ') ;
#841=NEXT_ASSEMBLY_USAGE_OCCURRENCE('Part2.3','Part2.3','',#17,#519,' ') ;
#856=NEXT_ASSEMBLY_USAGE_OCCURRENCE('Part2.4','Part2.4','',#17,#519,' ') ;
#871=NEXT_ASSEMBLY_USAGE_OCCURRENCE('Part2.5','Part2.5','',#17,#519,' ') ;
#886=NEXT_ASSEMBLY_USAGE_OCCURRENCE('Part1.12','Part1.12','',#17,#58,' ') ;
#901=NEXT_ASSEMBLY_USAGE_OCCURRENCE('Part1.13','Part1.13','',#17,#58,' ') ;
#1212=NEXT_ASSEMBLY_USAGE_OCCURRENCE('Part3.1','Part3.1','',#17,#920,' ') ;
#1227=NEXT_ASSEMBLY_USAGE_OCCURRENCE('Part3.2','Part3.2','',#17,#920,' ') ;
#1242=NEXT_ASSEMBLY_USAGE_OCCURRENCE('Part3.3','Part3.3','',#17,#920,' ') ;
#1257=NEXT_ASSEMBLY_USAGE_OCCURRENCE('Part3.4','Part3.4','',#17,#920,' ') ;
#1272=NEXT_ASSEMBLY_USAGE_OCCURRENCE('Part3.5','Part3.5','',#17,#920,' ') ;
#1287=NEXT_ASSEMBLY_USAGE_OCCURRENCE('Part3.6','Part3.6','',#17,#920,' ') ;
#1302=NEXT_ASSEMBLY_USAGE_OCCURRENCE('Part3.7','Part3.7','',#17,#920,' ') ;
#1317=NEXT_ASSEMBLY_USAGE_OCCURRENCE('Part3.8','Part3.8','',#17,#920,' ') ;
#1332=NEXT_ASSEMBLY_USAGE_OCCURRENCE('Part3.9','Part3.9','',#17,#920,' ') ;
#1643=NEXT_ASSEMBLY_USAGE_OCCURRENCE('Part4.1','Part4.1','',#17,#1351,' ') ;
#1658=NEXT_ASSEMBLY_USAGE_OCCURRENCE('Part4.2','Part4.2','',#17,#1351,' ') ;
#1673=NEXT_ASSEMBLY_USAGE_OCCURRENCE('Part4.3','Part4.3','',#17,#1351,' ') ;
#1688=NEXT_ASSEMBLY_USAGE_OCCURRENCE('Part4.4','Part4.4','',#17,#1351,' ') ;
#1924=NEXT_ASSEMBLY_USAGE_OCCURRENCE('Part5.1','Part5.1','',#17,#1707,' ') ;
#1939=NEXT_ASSEMBLY_USAGE_OCCURRENCE('Part5.2','Part5.2','',#17,#1707,' ') ;
#1954=NEXT_ASSEMBLY_USAGE_OCCURRENCE('Part5.3','Part5.3','',#17,#1707,' ') ;
#1969=NEXT_ASSEMBLY_USAGE_OCCURRENCE('Part5.4','Part5.4','',#17,#1707,' ') ;
#1984=NEXT_ASSEMBLY_USAGE_OCCURRENCE('Part5.5','Part5.5','',#17,#1707,' ') ;
#1999=NEXT_ASSEMBLY_USAGE_OCCURRENCE('Part5.6','Part5.6','',#17,#1707,' ') ;
#2014=NEXT_ASSEMBLY_USAGE_OCCURRENCE('Part5.7','Part5.7','',#17,#1707,' ') ;
#2029=NEXT_ASSEMBLY_USAGE_OCCURRENCE('Part5.8','Part5.8','',#17,#1707,' ') ;
#2044=NEXT_ASSEMBLY_USAGE_OCCURRENCE('Part5.9','Part5.9','',#17,#1707,' ') ;
#2059=NEXT_ASSEMBLY_USAGE_OCCURRENCE('Part5.10','Part5.10','',#17,#1707,' ') ;
#2074=NEXT_ASSEMBLY_USAGE_OCCURRENCE('Part2.6','Part2.6','',#17,#519,' ') ;
#2385=NEXT_ASSEMBLY_USAGE_OCCURRENCE('Part6.1','Part6.1','',#17,#2093,' ') ;
#2696=NEXT_ASSEMBLY_USAGE_OCCURRENCE('Part6.3','Part6.3','',#17,#2404,' ') ;
#2711=NEXT_ASSEMBLY_USAGE_OCCURRENCE('Part6.4','Part6.4','',#17,#2093,' ') ;
#2726=NEXT_ASSEMBLY_USAGE_OCCURRENCE('Part6.6','Part6.6','',#17,#2404,' ') ;
#2741=NEXT_ASSEMBLY_USAGE_OCCURRENCE('Part6.7','Part6.7','',#17,#2093,' ') ;
#3052=NEXT_ASSEMBLY_USAGE_OCCURRENCE('Part6.8','Part6.8','',#17,#2760,' ') ;
#3067=NEXT_ASSEMBLY_USAGE_OCCURRENCE('Part6.9','Part6.9','',#17,#2404,' ') ;
#3082=NEXT_ASSEMBLY_USAGE_OCCURRENCE('Part6.10','Part6.10','',#17,#2093,' ') ;
#3097=NEXT_ASSEMBLY_USAGE_OCCURRENCE('Part6.11','Part6.11','',#17,#2760,' ') ;
#3112=NEXT_ASSEMBLY_USAGE_OCCURRENCE('Part6.12','Part6.12','',#17,#2404,' ') ;
#3423=NEXT_ASSEMBLY_USAGE_OCCURRENCE('Part1.15','Part1.15','',#17,#3131,' ') ;
#3438=NEXT_ASSEMBLY_USAGE_OCCURRENCE('Part1.16','Part1.16','',#17,#3131,' ') ;
#3453=NEXT_ASSEMBLY_USAGE_OCCURRENCE('Part1.18','Part1.18','',#17,#3131,' ') ;
#3468=NEXT_ASSEMBLY_USAGE_OCCURRENCE('Part1.19','Part1.19','',#17,#3131,' ') ;
#3483=NEXT_ASSEMBLY_USAGE_OCCURRENCE('Part1.21','Part1.21','',#17,#3131,' ') ;
#3498=NEXT_ASSEMBLY_USAGE_OCCURRENCE('Part1.22','Part1.22','',#17,#3131,' ') ;
#3513=NEXT_ASSEMBLY_USAGE_OCCURRENCE('Part1.24','Part1.24','',#17,#3131,' ') ;
#3528=NEXT_ASSEMBLY_USAGE_OCCURRENCE('Part1.25','Part1.25','',#17,#3131,' ') ;
#3543=NEXT_ASSEMBLY_USAGE_OCCURRENCE('Part1.27','Part1.27','',#17,#3131,' ') ;
#3558=NEXT_ASSEMBLY_USAGE_OCCURRENCE('Part1.28','Part1.28','',#17,#3131,' ') ;
#3573=NEXT_ASSEMBLY_USAGE_OCCURRENCE('Part1.30','Part1.30','',#17,#3131,' ') ;
#3588=NEXT_ASSEMBLY_USAGE_OCCURRENCE('Part1.31','Part1.31','',#17,#3131,' ') ;
#3603=NEXT_ASSEMBLY_USAGE_OCCURRENCE('Part1.33','Part1.33','',#17,#3131,' ') ;
#3618=NEXT_ASSEMBLY_USAGE_OCCURRENCE('Part1.34','Part1.34','',#17,#3131,' ') ;
#3633=NEXT_ASSEMBLY_USAGE_OCCURRENCE('Part1.36','Part1.36','',#17,#3131,' ') ;
#3648=NEXT_ASSEMBLY_USAGE_OCCURRENCE('Part1.37','Part1.37','',#17,#3131,' ') ;
#3959=NEXT_ASSEMBLY_USAGE_OCCURRENCE('Part12.1','Part12.1','',#17,#3667,' ') ;
#3974=NEXT_ASSEMBLY_USAGE_OCCURRENCE('Part12.2','Part12.2','',#17,#3667,' ') ;
#4276=NEXT_ASSEMBLY_USAGE_OCCURRENCE('Part1.14','Part1.14','',#17,#3993,' ') ;
#4291=NEXT_ASSEMBLY_USAGE_OCCURRENCE('Part1.17','Part1.17','',#17,#3993,' ') ;
#4306=NEXT_ASSEMBLY_USAGE_OCCURRENCE('Part1.20','Part1.20','',#17,#3993,' ') ;
#4321=NEXT_ASSEMBLY_USAGE_OCCURRENCE('Part1.23','Part1.23','',#17,#3993,' ') ;
#4336=NEXT_ASSEMBLY_USAGE_OCCURRENCE('Part1.26','Part1.26','',#17,#3993,' ') ;
#4351=NEXT_ASSEMBLY_USAGE_OCCURRENCE('Part1.29','Part1.29','',#17,#3993,' ') ;
#4366=NEXT_ASSEMBLY_USAGE_OCCURRENCE('Part1.32','Part1.32','',#17,#3993,' ') ;
#4381=NEXT_ASSEMBLY_USAGE_OCCURRENCE('Part1.35','Part1.35','',#17,#3993,' ') ;
#27=PERSONAL_ADDRESS(' ',' ',' ',' ',' ',' ',' ',' ',' ',' ',' ',' ',(#25),' ') ;
#67=PLANE('Plane',#66) ;
#107=PLANE('Plane',#106) ;
#138=PLANE('Plane',#137) ;
#196=PLANE('Plane',#195) ;
#220=PLANE('Plane',#219) ;
#251=PLANE('Plane',#250) ;
#275=PLANE('Plane',#274) ;
#299=PLANE('Plane',#298) ;
#316=PLANE('Plane',#315) ;
#333=PLANE('Plane',#332) ;
#528=PLANE('Plane',#527) ;
#568=PLANE('Plane',#567) ;
#599=PLANE('Plane',#598) ;
#657=PLANE('Plane',#656) ;
#681=PLANE('Plane',#680) ;
#712=PLANE('Plane',#711) ;
#736=PLANE('Plane',#735) ;
#760=PLANE('Plane',#759) ;
#777=PLANE('Plane',#776) ;
#794=PLANE('Plane',#793) ;
#929=PLANE('Plane',#928) ;
#1003=PLANE('Plane',#1002) ;
#1034=PLANE('Plane',#1033) ;
#1058=PLANE('Plane',#1057) ;
#1082=PLANE('Plane',#1081) ;
#1099=PLANE('Plane',#1098) ;
#1145=PLANE('Plane',#1144) ;
#1167=PLANE('Plane',#1166) ;
#1184=PLANE('Plane',#1183) ;
#1201=PLANE('Plane',#1200) ;
#1360=PLANE('Plane',#1359) ;
#1434=PLANE('Plane',#1433) ;
#1465=PLANE('Plane',#1464) ;
#1489=PLANE('Plane',#1488) ;
#1513=PLANE('Plane',#1512) ;
#1530=PLANE('Plane',#1529) ;
#1576=PLANE('Plane',#1575) ;
#1598=PLANE('Plane',#1597) ;
#1615=PLANE('Plane',#1614) ;
#1632=PLANE('Plane',#1631) ;
#1716=PLANE('Plane',#1715) ;
#1756=PLANE('Plane',#1755) ;
#1787=PLANE('Plane',#1786) ;
#1818=PLANE('Plane',#1817) ;
#1849=PLANE('Plane',#1848) ;
#1897=PLANE('Plane',#1896) ;
#1911=PLANE('Plane',#1910) ;
#2102=PLANE('Plane',#2101) ;
#2142=PLANE('Plane',#2141) ;
#2173=PLANE('Plane',#2172) ;
#2231=PLANE('Plane',#2230) ;
#2255=PLANE('Plane',#2254) ;
#2286=PLANE('Plane',#2285) ;
#2310=PLANE('Plane',#2309) ;
#2334=PLANE('Plane',#2333) ;
#2351=PLANE('Plane',#2350) ;
#2368=PLANE('Plane',#2367) ;
#2413=PLANE('Plane',#2412) ;
#2453=PLANE('Plane',#2452) ;
#2484=PLANE('Plane',#2483) ;
#2542=PLANE('Plane',#2541) ;
#2566=PLANE('Plane',#2565) ;
#2597=PLANE('Plane',#2596) ;
#2621=PLANE('Plane',#2620) ;
#2645=PLANE('Plane',#2644) ;
#2662=PLANE('Plane',#2661) ;
#2679=PLANE('Plane',#2678) ;
#2769=PLANE('Plane',#2768) ;
#2809=PLANE('Plane',#2808) ;
#2840=PLANE('Plane',#2839) ;
#2898=PLANE('Plane',#2897) ;
#2922=PLANE('Plane',#2921) ;
#2953=PLANE('Plane',#2952) ;
#2977=PLANE('Plane',#2976) ;
#3001=PLANE('Plane',#3000) ;
#3018=PLANE('Plane',#3017) ;
#3035=PLANE('Plane',#3034) ;
#3140=PLANE('Plane',#3139) ;
#3180=PLANE('Plane',#3179) ;
#3211=PLANE('Plane',#3210) ;
#3269=PLANE('Plane',#3268) ;
#3293=PLANE('Plane',#3292) ;
#3324=PLANE('Plane',#3323) ;
#3348=PLANE('Plane',#3347) ;
#3372=PLANE('Plane',#3371) ;
#3389=PLANE('Plane',#3388) ;
#3406=PLANE('Plane',#3405) ;
#3676=PLANE('Plane',#3675) ;
#3716=PLANE('Plane',#3715) ;
#3747=PLANE('Plane',#3746) ;
#3805=PLANE('Plane',#3804) ;
#3829=PLANE('Plane',#3828) ;
#3860=PLANE('Plane',#3859) ;
#3884=PLANE('Plane',#3883) ;
#3908=PLANE('Plane',#3907) ;
#3925=PLANE('Plane',#3924) ;
#3942=PLANE('Plane',#3941) ;
#4002=PLANE('Plane',#4001) ;
#4042=PLANE('Plane',#4041) ;
#4073=PLANE('Plane',#4072) ;
#4104=PLANE('Plane',#4103) ;
#4135=PLANE('Plane',#4134) ;
#4166=PLANE('Plane',#4165) ;
#4223=PLANE('Plane',#4222) ;
#4245=PLANE('Plane',#4244) ;
#4261=PLANE('Plane',#4260) ;
#48=PLANE_ANGLE_MEASURE_WITH_UNIT(PLANE_ANGLE_MEASURE(0.0174532925199),#47) ;
#7=PRODUCT_CATEGORY('part',$) ;
#14=PRODUCT_CATEGORY('part',$) ;
#9=PRODUCT_CATEGORY_RELATIONSHIP(' ',' ',#7,#8) ;
#16=PRODUCT_CATEGORY_RELATIONSHIP(' ',' ',#14,#15) ;
#6=PRODUCT_DEFINITION_FORMATION_WITH_SPECIFIED_SOURCE('',' ',#5,.NOT_KNOWN.) ;
#57=PRODUCT_DEFINITION_FORMATION_WITH_SPECIFIED_SOURCE('',' ',#56,.NOT_KNOWN.) ;
#518=PRODUCT_DEFINITION_FORMATION_WITH_SPECIFIED_SOURCE('',' ',#517,.NOT_KNOWN.) ;
#919=PRODUCT_DEFINITION_FORMATION_WITH_SPECIFIED_SOURCE('',' ',#918,.NOT_KNOWN.) ;
#1350=PRODUCT_DEFINITION_FORMATION_WITH_SPECIFIED_SOURCE('',' ',#1349,.NOT_KNOWN.) ;
#1706=PRODUCT_DEFINITION_FORMATION_WITH_SPECIFIED_SOURCE('',' ',#1705,.NOT_KNOWN.) ;
#2092=PRODUCT_DEFINITION_FORMATION_WITH_SPECIFIED_SOURCE('',' ',#2091,.NOT_KNOWN.) ;
#2403=PRODUCT_DEFINITION_FORMATION_WITH_SPECIFIED_SOURCE('',' ',#2402,.NOT_KNOWN.) ;
#2759=PRODUCT_DEFINITION_FORMATION_WITH_SPECIFIED_SOURCE('',' ',#2758,.NOT_KNOWN.) ;
#3130=PRODUCT_DEFINITION_FORMATION_WITH_SPECIFIED_SOURCE('',' ',#3129,.NOT_KNOWN.) ;
#3666=PRODUCT_DEFINITION_FORMATION_WITH_SPECIFIED_SOURCE('',' ',#3665,.NOT_KNOWN.) ;
#3992=PRODUCT_DEFINITION_FORMATION_WITH_SPECIFIED_SOURCE('',' ',#3991,.NOT_KNOWN.) ;
#58=PRODUCT_DEFINITION_WITH_ASSOCIATED_DOCUMENTS('',' ',#57,#3,(#60)) ;
#519=PRODUCT_DEFINITION_WITH_ASSOCIATED_DOCUMENTS('',' ',#518,#3,(#521)) ;
#920=PRODUCT_DEFINITION_WITH_ASSOCIATED_DOCUMENTS('',' ',#919,#3,(#922)) ;
#1351=PRODUCT_DEFINITION_WITH_ASSOCIATED_DOCUMENTS('',' ',#1350,#3,(#1353)) ;
#1707=PRODUCT_DEFINITION_WITH_ASSOCIATED_DOCUMENTS('',' ',#1706,#3,(#1709)) ;
#2093=PRODUCT_DEFINITION_WITH_ASSOCIATED_DOCUMENTS('',' ',#2092,#3,(#2095)) ;
#2404=PRODUCT_DEFINITION_WITH_ASSOCIATED_DOCUMENTS('',' ',#2403,#3,(#2406)) ;
#2760=PRODUCT_DEFINITION_WITH_ASSOCIATED_DOCUMENTS('',' ',#2759,#3,(#2762)) ;
#3131=PRODUCT_DEFINITION_WITH_ASSOCIATED_DOCUMENTS('',' ',#3130,#3,(#3133)) ;
#3667=PRODUCT_DEFINITION_WITH_ASSOCIATED_DOCUMENTS('',' ',#3666,#3,(#3669)) ;
#3993=PRODUCT_DEFINITION_WITH_ASSOCIATED_DOCUMENTS('',' ',#3992,#3,(#3995)) ;
#8=PRODUCT_RELATED_PRODUCT_CATEGORY('detail',$,(#56,#517,#918,#1349,#1705,#2091,#2402,#2758,#3129,#3665,#3991)) ;
#15=PRODUCT_RELATED_PRODUCT_CATEGORY('part',$,(#5)) ;
#43=SHAPE_DEFINITION_REPRESENTATION(#45,#44) ;
#55=SHAPE_DEFINITION_REPRESENTATION(#61,#54) ;
#516=SHAPE_DEFINITION_REPRESENTATION(#522,#515) ;
#917=SHAPE_DEFINITION_REPRESENTATION(#923,#916) ;
#1348=SHAPE_DEFINITION_REPRESENTATION(#1354,#1347) ;
#1704=SHAPE_DEFINITION_REPRESENTATION(#1710,#1703) ;
#2090=SHAPE_DEFINITION_REPRESENTATION(#2096,#2089) ;
#2401=SHAPE_DEFINITION_REPRESENTATION(#2407,#2400) ;
#2757=SHAPE_DEFINITION_REPRESENTATION(#2763,#2756) ;
#3128=SHAPE_DEFINITION_REPRESENTATION(#3134,#3127) ;
#3664=SHAPE_DEFINITION_REPRESENTATION(#3670,#3663) ;
#3990=SHAPE_DEFINITION_REPRESENTATION(#3996,#3989) ;
#73=VERTEX_POINT('',#72) ;
#75=VERTEX_POINT('',#74) ;
#82=VERTEX_POINT('',#81) ;
#89=VERTEX_POINT('',#88) ;
#113=VERTEX_POINT('',#112) ;
#120=VERTEX_POINT('',#119) ;
#144=VERTEX_POINT('',#143) ;
#146=VERTEX_POINT('',#145) ;
#153=VERTEX_POINT('',#152) ;
#160=VERTEX_POINT('',#159) ;
#178=VERTEX_POINT('',#177) ;
#202=VERTEX_POINT('',#201) ;
#226=VERTEX_POINT('',#225) ;
#233=VERTEX_POINT('',#232) ;
#257=VERTEX_POINT('',#256) ;
#281=VERTEX_POINT('',#280) ;
#534=VERTEX_POINT('',#533) ;
#536=VERTEX_POINT('',#535) ;
#543=VERTEX_POINT('',#542) ;
#550=VERTEX_POINT('',#549) ;
#574=VERTEX_POINT('',#573) ;
#581=VERTEX_POINT('',#580) ;
#605=VERTEX_POINT('',#604) ;
#607=VERTEX_POINT('',#606) ;
#614=VERTEX_POINT('',#613) ;
#621=VERTEX_POINT('',#620) ;
#639=VERTEX_POINT('',#638) ;
#663=VERTEX_POINT('',#662) ;
#687=VERTEX_POINT('',#686) ;
#694=VERTEX_POINT('',#693) ;
#718=VERTEX_POINT('',#717) ;
#742=VERTEX_POINT('',#741) ;
#935=VERTEX_POINT('',#934) ;
#937=VERTEX_POINT('',#936) ;
#944=VERTEX_POINT('',#943) ;
#951=VERTEX_POINT('',#950) ;
#969=VERTEX_POINT('',#968) ;
#971=VERTEX_POINT('',#970) ;
#978=VERTEX_POINT('',#977) ;
#985=VERTEX_POINT('',#984) ;
#1009=VERTEX_POINT('',#1008) ;
#1011=VERTEX_POINT('',#1010) ;
#1040=VERTEX_POINT('',#1039) ;
#1064=VERTEX_POINT('',#1063) ;
#1111=VERTEX_POINT('',#1110) ;
#1113=VERTEX_POINT('',#1112) ;
#1120=VERTEX_POINT('',#1119) ;
#1127=VERTEX_POINT('',#1126) ;
#1366=VERTEX_POINT('',#1365) ;
#1368=VERTEX_POINT('',#1367) ;
#1375=VERTEX_POINT('',#1374) ;
#1382=VERTEX_POINT('',#1381) ;
#1400=VERTEX_POINT('',#1399) ;
#1402=VERTEX_POINT('',#1401) ;
#1409=VERTEX_POINT('',#1408) ;
#1416=VERTEX_POINT('',#1415) ;
#1440=VERTEX_POINT('',#1439) ;
#1447=VERTEX_POINT('',#1446) ;
#1471=VERTEX_POINT('',#1470) ;
#1495=VERTEX_POINT('',#1494) ;
#1542=VERTEX_POINT('',#1541) ;
#1544=VERTEX_POINT('',#1543) ;
#1551=VERTEX_POINT('',#1550) ;
#1558=VERTEX_POINT('',#1557) ;
#1722=VERTEX_POINT('',#1721) ;
#1724=VERTEX_POINT('',#1723) ;
#1731=VERTEX_POINT('',#1730) ;
#1738=VERTEX_POINT('',#1737) ;
#1762=VERTEX_POINT('',#1761) ;
#1769=VERTEX_POINT('',#1768) ;
#1793=VERTEX_POINT('',#1792) ;
#1800=VERTEX_POINT('',#1799) ;
#1824=VERTEX_POINT('',#1823) ;
#1831=VERTEX_POINT('',#1830) ;
#1855=VERTEX_POINT('',#1854) ;
#1862=VERTEX_POINT('',#1861) ;
#2108=VERTEX_POINT('',#2107) ;
#2110=VERTEX_POINT('',#2109) ;
#2117=VERTEX_POINT('',#2116) ;
#2124=VERTEX_POINT('',#2123) ;
#2148=VERTEX_POINT('',#2147) ;
#2155=VERTEX_POINT('',#2154) ;
#2179=VERTEX_POINT('',#2178) ;
#2181=VERTEX_POINT('',#2180) ;
#2188=VERTEX_POINT('',#2187) ;
#2195=VERTEX_POINT('',#2194) ;
#2213=VERTEX_POINT('',#2212) ;
#2237=VERTEX_POINT('',#2236) ;
#2261=VERTEX_POINT('',#2260) ;
#2268=VERTEX_POINT('',#2267) ;
#2292=VERTEX_POINT('',#2291) ;
#2316=VERTEX_POINT('',#2315) ;
#2419=VERTEX_POINT('',#2418) ;
#2421=VERTEX_POINT('',#2420) ;
#2428=VERTEX_POINT('',#2427) ;
#2435=VERTEX_POINT('',#2434) ;
#2459=VERTEX_POINT('',#2458) ;
#2466=VERTEX_POINT('',#2465) ;
#2490=VERTEX_POINT('',#2489) ;
#2492=VERTEX_POINT('',#2491) ;
#2499=VERTEX_POINT('',#2498) ;
#2506=VERTEX_POINT('',#2505) ;
#2524=VERTEX_POINT('',#2523) ;
#2548=VERTEX_POINT('',#2547) ;
#2572=VERTEX_POINT('',#2571) ;
#2579=VERTEX_POINT('',#2578) ;
#2603=VERTEX_POINT('',#2602) ;
#2627=VERTEX_POINT('',#2626) ;
#2775=VERTEX_POINT('',#2774) ;
#2777=VERTEX_POINT('',#2776) ;
#2784=VERTEX_POINT('',#2783) ;
#2791=VERTEX_POINT('',#2790) ;
#2815=VERTEX_POINT('',#2814) ;
#2822=VERTEX_POINT('',#2821) ;
#2846=VERTEX_POINT('',#2845) ;
#2848=VERTEX_POINT('',#2847) ;
#2855=VERTEX_POINT('',#2854) ;
#2862=VERTEX_POINT('',#2861) ;
#2880=VERTEX_POINT('',#2879) ;
#2904=VERTEX_POINT('',#2903) ;
#2928=VERTEX_POINT('',#2927) ;
#2935=VERTEX_POINT('',#2934) ;
#2959=VERTEX_POINT('',#2958) ;
#2983=VERTEX_POINT('',#2982) ;
#3146=VERTEX_POINT('',#3145) ;
#3148=VERTEX_POINT('',#3147) ;
#3155=VERTEX_POINT('',#3154) ;
#3162=VERTEX_POINT('',#3161) ;
#3186=VERTEX_POINT('',#3185) ;
#3193=VERTEX_POINT('',#3192) ;
#3217=VERTEX_POINT('',#3216) ;
#3219=VERTEX_POINT('',#3218) ;
#3226=VERTEX_POINT('',#3225) ;
#3233=VERTEX_POINT('',#3232) ;
#3251=VERTEX_POINT('',#3250) ;
#3275=VERTEX_POINT('',#3274) ;
#3299=VERTEX_POINT('',#3298) ;
#3306=VERTEX_POINT('',#3305) ;
#3330=VERTEX_POINT('',#3329) ;
#3354=VERTEX_POINT('',#3353) ;
#3682=VERTEX_POINT('',#3681) ;
#3684=VERTEX_POINT('',#3683) ;
#3691=VERTEX_POINT('',#3690) ;
#3698=VERTEX_POINT('',#3697) ;
#3722=VERTEX_POINT('',#3721) ;
#3729=VERTEX_POINT('',#3728) ;
#3753=VERTEX_POINT('',#3752) ;
#3755=VERTEX_POINT('',#3754) ;
#3762=VERTEX_POINT('',#3761) ;
#3769=VERTEX_POINT('',#3768) ;
#3787=VERTEX_POINT('',#3786) ;
#3811=VERTEX_POINT('',#3810) ;
#3835=VERTEX_POINT('',#3834) ;
#3842=VERTEX_POINT('',#3841) ;
#3866=VERTEX_POINT('',#3865) ;
#3890=VERTEX_POINT('',#3889) ;
#4008=VERTEX_POINT('',#4007) ;
#4010=VERTEX_POINT('',#4009) ;
#4017=VERTEX_POINT('',#4016) ;
#4024=VERTEX_POINT('',#4023) ;
#4048=VERTEX_POINT('',#4047) ;
#4055=VERTEX_POINT('',#4054) ;
#4079=VERTEX_POINT('',#4078) ;
#4086=VERTEX_POINT('',#4085) ;
#4110=VERTEX_POINT('',#4109) ;
#4117=VERTEX_POINT('',#4116) ;
#4141=VERTEX_POINT('',#4140) ;
#4148=VERTEX_POINT('',#4147) ;
#4172=VERTEX_POINT('',#4171) ;
#4179=VERTEX_POINT('',#4178) ;
#4198=VERTEX_POINT('',#4197) ;
#4205=VERTEX_POINT('',#4204) ;
#46=(LENGTH_UNIT()NAMED_UNIT(*)SI_UNIT(.MILLI.,.METRE.)) ;
#47=(NAMED_UNIT(*)PLANE_ANGLE_UNIT()SI_UNIT($,.RADIAN.)) ;
#49=(NAMED_UNIT(*)SI_UNIT($,.STERADIAN.)SOLID_ANGLE_UNIT()) ;
#51=(GEOMETRIC_REPRESENTATION_CONTEXT(3)GLOBAL_UNCERTAINTY_ASSIGNED_CONTEXT((#50))GLOBAL_UNIT_ASSIGNED_CONTEXT((#46,#47,#49))REPRESENTATION_CONTEXT(' ',' ')) ;
#53=(GEOMETRIC_REPRESENTATION_CONTEXT(3)GLOBAL_UNCERTAINTY_ASSIGNED_CONTEXT((#52))GLOBAL_UNIT_ASSIGNED_CONTEXT((#46,#47,#49))REPRESENTATION_CONTEXT(' ',' ')) ;
#364=(GEOMETRIC_REPRESENTATION_CONTEXT(3)GLOBAL_UNCERTAINTY_ASSIGNED_CONTEXT((#363))GLOBAL_UNIT_ASSIGNED_CONTEXT((#46,#47,#49))REPRESENTATION_CONTEXT(' ',' ')) ;
#379=(GEOMETRIC_REPRESENTATION_CONTEXT(3)GLOBAL_UNCERTAINTY_ASSIGNED_CONTEXT((#378))GLOBAL_UNIT_ASSIGNED_CONTEXT((#46,#47,#49))REPRESENTATION_CONTEXT(' ',' ')) ;
#394=(GEOMETRIC_REPRESENTATION_CONTEXT(3)GLOBAL_UNCERTAINTY_ASSIGNED_CONTEXT((#393))GLOBAL_UNIT_ASSIGNED_CONTEXT((#46,#47,#49))REPRESENTATION_CONTEXT(' ',' ')) ;
#409=(GEOMETRIC_REPRESENTATION_CONTEXT(3)GLOBAL_UNCERTAINTY_ASSIGNED_CONTEXT((#408))GLOBAL_UNIT_ASSIGNED_CONTEXT((#46,#47,#49))REPRESENTATION_CONTEXT(' ',' ')) ;
#424=(GEOMETRIC_REPRESENTATION_CONTEXT(3)GLOBAL_UNCERTAINTY_ASSIGNED_CONTEXT((#423))GLOBAL_UNIT_ASSIGNED_CONTEXT((#46,#47,#49))REPRESENTATION_CONTEXT(' ',' ')) ;
#439=(GEOMETRIC_REPRESENTATION_CONTEXT(3)GLOBAL_UNCERTAINTY_ASSIGNED_CONTEXT((#438))GLOBAL_UNIT_ASSIGNED_CONTEXT((#46,#47,#49))REPRESENTATION_CONTEXT(' ',' ')) ;
#454=(GEOMETRIC_REPRESENTATION_CONTEXT(3)GLOBAL_UNCERTAINTY_ASSIGNED_CONTEXT((#453))GLOBAL_UNIT_ASSIGNED_CONTEXT((#46,#47,#49))REPRESENTATION_CONTEXT(' ',' ')) ;
#469=(GEOMETRIC_REPRESENTATION_CONTEXT(3)GLOBAL_UNCERTAINTY_ASSIGNED_CONTEXT((#468))GLOBAL_UNIT_ASSIGNED_CONTEXT((#46,#47,#49))REPRESENTATION_CONTEXT(' ',' ')) ;
#484=(GEOMETRIC_REPRESENTATION_CONTEXT(3)GLOBAL_UNCERTAINTY_ASSIGNED_CONTEXT((#483))GLOBAL_UNIT_ASSIGNED_CONTEXT((#46,#47,#49))REPRESENTATION_CONTEXT(' ',' ')) ;
#499=(GEOMETRIC_REPRESENTATION_CONTEXT(3)GLOBAL_UNCERTAINTY_ASSIGNED_CONTEXT((#498))GLOBAL_UNIT_ASSIGNED_CONTEXT((#46,#47,#49))REPRESENTATION_CONTEXT(' ',' ')) ;
#514=(GEOMETRIC_REPRESENTATION_CONTEXT(3)GLOBAL_UNCERTAINTY_ASSIGNED_CONTEXT((#513))GLOBAL_UNIT_ASSIGNED_CONTEXT((#46,#47,#49))REPRESENTATION_CONTEXT(' ',' ')) ;
#825=(GEOMETRIC_REPRESENTATION_CONTEXT(3)GLOBAL_UNCERTAINTY_ASSIGNED_CONTEXT((#824))GLOBAL_UNIT_ASSIGNED_CONTEXT((#46,#47,#49))REPRESENTATION_CONTEXT(' ',' ')) ;
#840=(GEOMETRIC_REPRESENTATION_CONTEXT(3)GLOBAL_UNCERTAINTY_ASSIGNED_CONTEXT((#839))GLOBAL_UNIT_ASSIGNED_CONTEXT((#46,#47,#49))REPRESENTATION_CONTEXT(' ',' ')) ;
#855=(GEOMETRIC_REPRESENTATION_CONTEXT(3)GLOBAL_UNCERTAINTY_ASSIGNED_CONTEXT((#854))GLOBAL_UNIT_ASSIGNED_CONTEXT((#46,#47,#49))REPRESENTATION_CONTEXT(' ',' ')) ;
#870=(GEOMETRIC_REPRESENTATION_CONTEXT(3)GLOBAL_UNCERTAINTY_ASSIGNED_CONTEXT((#869))GLOBAL_UNIT_ASSIGNED_CONTEXT((#46,#47,#49))REPRESENTATION_CONTEXT(' ',' ')) ;
#885=(GEOMETRIC_REPRESENTATION_CONTEXT(3)GLOBAL_UNCERTAINTY_ASSIGNED_CONTEXT((#884))GLOBAL_UNIT_ASSIGNED_CONTEXT((#46,#47,#49))REPRESENTATION_CONTEXT(' ',' ')) ;
#900=(GEOMETRIC_REPRESENTATION_CONTEXT(3)GLOBAL_UNCERTAINTY_ASSIGNED_CONTEXT((#899))GLOBAL_UNIT_ASSIGNED_CONTEXT((#46,#47,#49))REPRESENTATION_CONTEXT(' ',' ')) ;
#915=(GEOMETRIC_REPRESENTATION_CONTEXT(3)GLOBAL_UNCERTAINTY_ASSIGNED_CONTEXT((#914))GLOBAL_UNIT_ASSIGNED_CONTEXT((#46,#47,#49))REPRESENTATION_CONTEXT(' ',' ')) ;
#1226=(GEOMETRIC_REPRESENTATION_CONTEXT(3)GLOBAL_UNCERTAINTY_ASSIGNED_CONTEXT((#1225))GLOBAL_UNIT_ASSIGNED_CONTEXT((#46,#47,#49))REPRESENTATION_CONTEXT(' ',' ')) ;
#1241=(GEOMETRIC_REPRESENTATION_CONTEXT(3)GLOBAL_UNCERTAINTY_ASSIGNED_CONTEXT((#1240))GLOBAL_UNIT_ASSIGNED_CONTEXT((#46,#47,#49))REPRESENTATION_CONTEXT(' ',' ')) ;
#1256=(GEOMETRIC_REPRESENTATION_CONTEXT(3)GLOBAL_UNCERTAINTY_ASSIGNED_CONTEXT((#1255))GLOBAL_UNIT_ASSIGNED_CONTEXT((#46,#47,#49))REPRESENTATION_CONTEXT(' ',' ')) ;
#1271=(GEOMETRIC_REPRESENTATION_CONTEXT(3)GLOBAL_UNCERTAINTY_ASSIGNED_CONTEXT((#1270))GLOBAL_UNIT_ASSIGNED_CONTEXT((#46,#47,#49))REPRESENTATION_CONTEXT(' ',' ')) ;
#1286=(GEOMETRIC_REPRESENTATION_CONTEXT(3)GLOBAL_UNCERTAINTY_ASSIGNED_CONTEXT((#1285))GLOBAL_UNIT_ASSIGNED_CONTEXT((#46,#47,#49))REPRESENTATION_CONTEXT(' ',' ')) ;
#1301=(GEOMETRIC_REPRESENTATION_CONTEXT(3)GLOBAL_UNCERTAINTY_ASSIGNED_CONTEXT((#1300))GLOBAL_UNIT_ASSIGNED_CONTEXT((#46,#47,#49))REPRESENTATION_CONTEXT(' ',' ')) ;
#1316=(GEOMETRIC_REPRESENTATION_CONTEXT(3)GLOBAL_UNCERTAINTY_ASSIGNED_CONTEXT((#1315))GLOBAL_UNIT_ASSIGNED_CONTEXT((#46,#47,#49))REPRESENTATION_CONTEXT(' ',' ')) ;
#1331=(GEOMETRIC_REPRESENTATION_CONTEXT(3)GLOBAL_UNCERTAINTY_ASSIGNED_CONTEXT((#1330))GLOBAL_UNIT_ASSIGNED_CONTEXT((#46,#47,#49))REPRESENTATION_CONTEXT(' ',' ')) ;
#1346=(GEOMETRIC_REPRESENTATION_CONTEXT(3)GLOBAL_UNCERTAINTY_ASSIGNED_CONTEXT((#1345))GLOBAL_UNIT_ASSIGNED_CONTEXT((#46,#47,#49))REPRESENTATION_CONTEXT(' ',' ')) ;
#1657=(GEOMETRIC_REPRESENTATION_CONTEXT(3)GLOBAL_UNCERTAINTY_ASSIGNED_CONTEXT((#1656))GLOBAL_UNIT_ASSIGNED_CONTEXT((#46,#47,#49))REPRESENTATION_CONTEXT(' ',' ')) ;
#1672=(GEOMETRIC_REPRESENTATION_CONTEXT(3)GLOBAL_UNCERTAINTY_ASSIGNED_CONTEXT((#1671))GLOBAL_UNIT_ASSIGNED_CONTEXT((#46,#47,#49))REPRESENTATION_CONTEXT(' ',' ')) ;
#1687=(GEOMETRIC_REPRESENTATION_CONTEXT(3)GLOBAL_UNCERTAINTY_ASSIGNED_CONTEXT((#1686))GLOBAL_UNIT_ASSIGNED_CONTEXT((#46,#47,#49))REPRESENTATION_CONTEXT(' ',' ')) ;
#1702=(GEOMETRIC_REPRESENTATION_CONTEXT(3)GLOBAL_UNCERTAINTY_ASSIGNED_CONTEXT((#1701))GLOBAL_UNIT_ASSIGNED_CONTEXT((#46,#47,#49))REPRESENTATION_CONTEXT(' ',' ')) ;
#1938=(GEOMETRIC_REPRESENTATION_CONTEXT(3)GLOBAL_UNCERTAINTY_ASSIGNED_CONTEXT((#1937))GLOBAL_UNIT_ASSIGNED_CONTEXT((#46,#47,#49))REPRESENTATION_CONTEXT(' ',' ')) ;
#1953=(GEOMETRIC_REPRESENTATION_CONTEXT(3)GLOBAL_UNCERTAINTY_ASSIGNED_CONTEXT((#1952))GLOBAL_UNIT_ASSIGNED_CONTEXT((#46,#47,#49))REPRESENTATION_CONTEXT(' ',' ')) ;
#1968=(GEOMETRIC_REPRESENTATION_CONTEXT(3)GLOBAL_UNCERTAINTY_ASSIGNED_CONTEXT((#1967))GLOBAL_UNIT_ASSIGNED_CONTEXT((#46,#47,#49))REPRESENTATION_CONTEXT(' ',' ')) ;
#1983=(GEOMETRIC_REPRESENTATION_CONTEXT(3)GLOBAL_UNCERTAINTY_ASSIGNED_CONTEXT((#1982))GLOBAL_UNIT_ASSIGNED_CONTEXT((#46,#47,#49))REPRESENTATION_CONTEXT(' ',' ')) ;
#1998=(GEOMETRIC_REPRESENTATION_CONTEXT(3)GLOBAL_UNCERTAINTY_ASSIGNED_CONTEXT((#1997))GLOBAL_UNIT_ASSIGNED_CONTEXT((#46,#47,#49))REPRESENTATION_CONTEXT(' ',' ')) ;
#2013=(GEOMETRIC_REPRESENTATION_CONTEXT(3)GLOBAL_UNCERTAINTY_ASSIGNED_CONTEXT((#2012))GLOBAL_UNIT_ASSIGNED_CONTEXT((#46,#47,#49))REPRESENTATION_CONTEXT(' ',' ')) ;
#2028=(GEOMETRIC_REPRESENTATION_CONTEXT(3)GLOBAL_UNCERTAINTY_ASSIGNED_CONTEXT((#2027))GLOBAL_UNIT_ASSIGNED_CONTEXT((#46,#47,#49))REPRESENTATION_CONTEXT(' ',' ')) ;
#2043=(GEOMETRIC_REPRESENTATION_CONTEXT(3)GLOBAL_UNCERTAINTY_ASSIGNED_CONTEXT((#2042))GLOBAL_UNIT_ASSIGNED_CONTEXT((#46,#47,#49))REPRESENTATION_CONTEXT(' ',' ')) ;
#2058=(GEOMETRIC_REPRESENTATION_CONTEXT(3)GLOBAL_UNCERTAINTY_ASSIGNED_CONTEXT((#2057))GLOBAL_UNIT_ASSIGNED_CONTEXT((#46,#47,#49))REPRESENTATION_CONTEXT(' ',' ')) ;
#2073=(GEOMETRIC_REPRESENTATION_CONTEXT(3)GLOBAL_UNCERTAINTY_ASSIGNED_CONTEXT((#2072))GLOBAL_UNIT_ASSIGNED_CONTEXT((#46,#47,#49))REPRESENTATION_CONTEXT(' ',' ')) ;
#2088=(GEOMETRIC_REPRESENTATION_CONTEXT(3)GLOBAL_UNCERTAINTY_ASSIGNED_CONTEXT((#2087))GLOBAL_UNIT_ASSIGNED_CONTEXT((#46,#47,#49))REPRESENTATION_CONTEXT(' ',' ')) ;
#2399=(GEOMETRIC_REPRESENTATION_CONTEXT(3)GLOBAL_UNCERTAINTY_ASSIGNED_CONTEXT((#2398))GLOBAL_UNIT_ASSIGNED_CONTEXT((#46,#47,#49))REPRESENTATION_CONTEXT(' ',' ')) ;
#2710=(GEOMETRIC_REPRESENTATION_CONTEXT(3)GLOBAL_UNCERTAINTY_ASSIGNED_CONTEXT((#2709))GLOBAL_UNIT_ASSIGNED_CONTEXT((#46,#47,#49))REPRESENTATION_CONTEXT(' ',' ')) ;
#2725=(GEOMETRIC_REPRESENTATION_CONTEXT(3)GLOBAL_UNCERTAINTY_ASSIGNED_CONTEXT((#2724))GLOBAL_UNIT_ASSIGNED_CONTEXT((#46,#47,#49))REPRESENTATION_CONTEXT(' ',' ')) ;
#2740=(GEOMETRIC_REPRESENTATION_CONTEXT(3)GLOBAL_UNCERTAINTY_ASSIGNED_CONTEXT((#2739))GLOBAL_UNIT_ASSIGNED_CONTEXT((#46,#47,#49))REPRESENTATION_CONTEXT(' ',' ')) ;
#2755=(GEOMETRIC_REPRESENTATION_CONTEXT(3)GLOBAL_UNCERTAINTY_ASSIGNED_CONTEXT((#2754))GLOBAL_UNIT_ASSIGNED_CONTEXT((#46,#47,#49))REPRESENTATION_CONTEXT(' ',' ')) ;
#3066=(GEOMETRIC_REPRESENTATION_CONTEXT(3)GLOBAL_UNCERTAINTY_ASSIGNED_CONTEXT((#3065))GLOBAL_UNIT_ASSIGNED_CONTEXT((#46,#47,#49))REPRESENTATION_CONTEXT(' ',' ')) ;
#3081=(GEOMETRIC_REPRESENTATION_CONTEXT(3)GLOBAL_UNCERTAINTY_ASSIGNED_CONTEXT((#3080))GLOBAL_UNIT_ASSIGNED_CONTEXT((#46,#47,#49))REPRESENTATION_CONTEXT(' ',' ')) ;
#3096=(GEOMETRIC_REPRESENTATION_CONTEXT(3)GLOBAL_UNCERTAINTY_ASSIGNED_CONTEXT((#3095))GLOBAL_UNIT_ASSIGNED_CONTEXT((#46,#47,#49))REPRESENTATION_CONTEXT(' ',' ')) ;
#3111=(GEOMETRIC_REPRESENTATION_CONTEXT(3)GLOBAL_UNCERTAINTY_ASSIGNED_CONTEXT((#3110))GLOBAL_UNIT_ASSIGNED_CONTEXT((#46,#47,#49))REPRESENTATION_CONTEXT(' ',' ')) ;
#3126=(GEOMETRIC_REPRESENTATION_CONTEXT(3)GLOBAL_UNCERTAINTY_ASSIGNED_CONTEXT((#3125))GLOBAL_UNIT_ASSIGNED_CONTEXT((#46,#47,#49))REPRESENTATION_CONTEXT(' ',' ')) ;
#3437=(GEOMETRIC_REPRESENTATION_CONTEXT(3)GLOBAL_UNCERTAINTY_ASSIGNED_CONTEXT((#3436))GLOBAL_UNIT_ASSIGNED_CONTEXT((#46,#47,#49))REPRESENTATION_CONTEXT(' ',' ')) ;
#3452=(GEOMETRIC_REPRESENTATION_CONTEXT(3)GLOBAL_UNCERTAINTY_ASSIGNED_CONTEXT((#3451))GLOBAL_UNIT_ASSIGNED_CONTEXT((#46,#47,#49))REPRESENTATION_CONTEXT(' ',' ')) ;
#3467=(GEOMETRIC_REPRESENTATION_CONTEXT(3)GLOBAL_UNCERTAINTY_ASSIGNED_CONTEXT((#3466))GLOBAL_UNIT_ASSIGNED_CONTEXT((#46,#47,#49))REPRESENTATION_CONTEXT(' ',' ')) ;
#3482=(GEOMETRIC_REPRESENTATION_CONTEXT(3)GLOBAL_UNCERTAINTY_ASSIGNED_CONTEXT((#3481))GLOBAL_UNIT_ASSIGNED_CONTEXT((#46,#47,#49))REPRESENTATION_CONTEXT(' ',' ')) ;
#3497=(GEOMETRIC_REPRESENTATION_CONTEXT(3)GLOBAL_UNCERTAINTY_ASSIGNED_CONTEXT((#3496))GLOBAL_UNIT_ASSIGNED_CONTEXT((#46,#47,#49))REPRESENTATION_CONTEXT(' ',' ')) ;
#3512=(GEOMETRIC_REPRESENTATION_CONTEXT(3)GLOBAL_UNCERTAINTY_ASSIGNED_CONTEXT((#3511))GLOBAL_UNIT_ASSIGNED_CONTEXT((#46,#47,#49))REPRESENTATION_CONTEXT(' ',' ')) ;
#3527=(GEOMETRIC_REPRESENTATION_CONTEXT(3)GLOBAL_UNCERTAINTY_ASSIGNED_CONTEXT((#3526))GLOBAL_UNIT_ASSIGNED_CONTEXT((#46,#47,#49))REPRESENTATION_CONTEXT(' ',' ')) ;
#3542=(GEOMETRIC_REPRESENTATION_CONTEXT(3)GLOBAL_UNCERTAINTY_ASSIGNED_CONTEXT((#3541))GLOBAL_UNIT_ASSIGNED_CONTEXT((#46,#47,#49))REPRESENTATION_CONTEXT(' ',' ')) ;
#3557=(GEOMETRIC_REPRESENTATION_CONTEXT(3)GLOBAL_UNCERTAINTY_ASSIGNED_CONTEXT((#3556))GLOBAL_UNIT_ASSIGNED_CONTEXT((#46,#47,#49))REPRESENTATION_CONTEXT(' ',' ')) ;
#3572=(GEOMETRIC_REPRESENTATION_CONTEXT(3)GLOBAL_UNCERTAINTY_ASSIGNED_CONTEXT((#3571))GLOBAL_UNIT_ASSIGNED_CONTEXT((#46,#47,#49))REPRESENTATION_CONTEXT(' ',' ')) ;
#3587=(GEOMETRIC_REPRESENTATION_CONTEXT(3)GLOBAL_UNCERTAINTY_ASSIGNED_CONTEXT((#3586))GLOBAL_UNIT_ASSIGNED_CONTEXT((#46,#47,#49))REPRESENTATION_CONTEXT(' ',' ')) ;
#3602=(GEOMETRIC_REPRESENTATION_CONTEXT(3)GLOBAL_UNCERTAINTY_ASSIGNED_CONTEXT((#3601))GLOBAL_UNIT_ASSIGNED_CONTEXT((#46,#47,#49))REPRESENTATION_CONTEXT(' ',' ')) ;
#3617=(GEOMETRIC_REPRESENTATION_CONTEXT(3)GLOBAL_UNCERTAINTY_ASSIGNED_CONTEXT((#3616))GLOBAL_UNIT_ASSIGNED_CONTEXT((#46,#47,#49))REPRESENTATION_CONTEXT(' ',' ')) ;
#3632=(GEOMETRIC_REPRESENTATION_CONTEXT(3)GLOBAL_UNCERTAINTY_ASSIGNED_CONTEXT((#3631))GLOBAL_UNIT_ASSIGNED_CONTEXT((#46,#47,#49))REPRESENTATION_CONTEXT(' ',' ')) ;
#3647=(GEOMETRIC_REPRESENTATION_CONTEXT(3)GLOBAL_UNCERTAINTY_ASSIGNED_CONTEXT((#3646))GLOBAL_UNIT_ASSIGNED_CONTEXT((#46,#47,#49))REPRESENTATION_CONTEXT(' ',' ')) ;
#3662=(GEOMETRIC_REPRESENTATION_CONTEXT(3)GLOBAL_UNCERTAINTY_ASSIGNED_CONTEXT((#3661))GLOBAL_UNIT_ASSIGNED_CONTEXT((#46,#47,#49))REPRESENTATION_CONTEXT(' ',' ')) ;
#3973=(GEOMETRIC_REPRESENTATION_CONTEXT(3)GLOBAL_UNCERTAINTY_ASSIGNED_CONTEXT((#3972))GLOBAL_UNIT_ASSIGNED_CONTEXT((#46,#47,#49))REPRESENTATION_CONTEXT(' ',' ')) ;
#3988=(GEOMETRIC_REPRESENTATION_CONTEXT(3)GLOBAL_UNCERTAINTY_ASSIGNED_CONTEXT((#3987))GLOBAL_UNIT_ASSIGNED_CONTEXT((#46,#47,#49))REPRESENTATION_CONTEXT(' ',' ')) ;
#4290=(GEOMETRIC_REPRESENTATION_CONTEXT(3)GLOBAL_UNCERTAINTY_ASSIGNED_CONTEXT((#4289))GLOBAL_UNIT_ASSIGNED_CONTEXT((#46,#47,#49))REPRESENTATION_CONTEXT(' ',' ')) ;
#4305=(GEOMETRIC_REPRESENTATION_CONTEXT(3)GLOBAL_UNCERTAINTY_ASSIGNED_CONTEXT((#4304))GLOBAL_UNIT_ASSIGNED_CONTEXT((#46,#47,#49))REPRESENTATION_CONTEXT(' ',' ')) ;
#4320=(GEOMETRIC_REPRESENTATION_CONTEXT(3)GLOBAL_UNCERTAINTY_ASSIGNED_CONTEXT((#4319))GLOBAL_UNIT_ASSIGNED_CONTEXT((#46,#47,#49))REPRESENTATION_CONTEXT(' ',' ')) ;
#4335=(GEOMETRIC_REPRESENTATION_CONTEXT(3)GLOBAL_UNCERTAINTY_ASSIGNED_CONTEXT((#4334))GLOBAL_UNIT_ASSIGNED_CONTEXT((#46,#47,#49))REPRESENTATION_CONTEXT(' ',' ')) ;
#4350=(GEOMETRIC_REPRESENTATION_CONTEXT(3)GLOBAL_UNCERTAINTY_ASSIGNED_CONTEXT((#4349))GLOBAL_UNIT_ASSIGNED_CONTEXT((#46,#47,#49))REPRESENTATION_CONTEXT(' ',' ')) ;
#4365=(GEOMETRIC_REPRESENTATION_CONTEXT(3)GLOBAL_UNCERTAINTY_ASSIGNED_CONTEXT((#4364))GLOBAL_UNIT_ASSIGNED_CONTEXT((#46,#47,#49))REPRESENTATION_CONTEXT(' ',' ')) ;
#4380=(GEOMETRIC_REPRESENTATION_CONTEXT(3)GLOBAL_UNCERTAINTY_ASSIGNED_CONTEXT((#4379))GLOBAL_UNIT_ASSIGNED_CONTEXT((#46,#47,#49))REPRESENTATION_CONTEXT(' ',' ')) ;
#353=(REPRESENTATION_RELATIONSHIP(' ',' ',#54,#44)REPRESENTATION_RELATIONSHIP_WITH_TRANSFORMATION(#354)SHAPE_REPRESENTATION_RELATIONSHIP()) ;
#368=(REPRESENTATION_RELATIONSHIP(' ',' ',#54,#44)REPRESENTATION_RELATIONSHIP_WITH_TRANSFORMATION(#369)SHAPE_REPRESENTATION_RELATIONSHIP()) ;
#383=(REPRESENTATION_RELATIONSHIP(' ',' ',#54,#44)REPRESENTATION_RELATIONSHIP_WITH_TRANSFORMATION(#384)SHAPE_REPRESENTATION_RELATIONSHIP()) ;
#398=(REPRESENTATION_RELATIONSHIP(' ',' ',#54,#44)REPRESENTATION_RELATIONSHIP_WITH_TRANSFORMATION(#399)SHAPE_REPRESENTATION_RELATIONSHIP()) ;
#413=(REPRESENTATION_RELATIONSHIP(' ',' ',#54,#44)REPRESENTATION_RELATIONSHIP_WITH_TRANSFORMATION(#414)SHAPE_REPRESENTATION_RELATIONSHIP()) ;
#428=(REPRESENTATION_RELATIONSHIP(' ',' ',#54,#44)REPRESENTATION_RELATIONSHIP_WITH_TRANSFORMATION(#429)SHAPE_REPRESENTATION_RELATIONSHIP()) ;
#443=(REPRESENTATION_RELATIONSHIP(' ',' ',#54,#44)REPRESENTATION_RELATIONSHIP_WITH_TRANSFORMATION(#444)SHAPE_REPRESENTATION_RELATIONSHIP()) ;
#458=(REPRESENTATION_RELATIONSHIP(' ',' ',#54,#44)REPRESENTATION_RELATIONSHIP_WITH_TRANSFORMATION(#459)SHAPE_REPRESENTATION_RELATIONSHIP()) ;
#473=(REPRESENTATION_RELATIONSHIP(' ',' ',#54,#44)REPRESENTATION_RELATIONSHIP_WITH_TRANSFORMATION(#474)SHAPE_REPRESENTATION_RELATIONSHIP()) ;
#488=(REPRESENTATION_RELATIONSHIP(' ',' ',#54,#44)REPRESENTATION_RELATIONSHIP_WITH_TRANSFORMATION(#489)SHAPE_REPRESENTATION_RELATIONSHIP()) ;
#503=(REPRESENTATION_RELATIONSHIP(' ',' ',#54,#44)REPRESENTATION_RELATIONSHIP_WITH_TRANSFORMATION(#504)SHAPE_REPRESENTATION_RELATIONSHIP()) ;
#814=(REPRESENTATION_RELATIONSHIP(' ',' ',#515,#44)REPRESENTATION_RELATIONSHIP_WITH_TRANSFORMATION(#815)SHAPE_REPRESENTATION_RELATIONSHIP()) ;
#829=(REPRESENTATION_RELATIONSHIP(' ',' ',#515,#44)REPRESENTATION_RELATIONSHIP_WITH_TRANSFORMATION(#830)SHAPE_REPRESENTATION_RELATIONSHIP()) ;
#844=(REPRESENTATION_RELATIONSHIP(' ',' ',#515,#44)REPRESENTATION_RELATIONSHIP_WITH_TRANSFORMATION(#845)SHAPE_REPRESENTATION_RELATIONSHIP()) ;
#859=(REPRESENTATION_RELATIONSHIP(' ',' ',#515,#44)REPRESENTATION_RELATIONSHIP_WITH_TRANSFORMATION(#860)SHAPE_REPRESENTATION_RELATIONSHIP()) ;
#874=(REPRESENTATION_RELATIONSHIP(' ',' ',#515,#44)REPRESENTATION_RELATIONSHIP_WITH_TRANSFORMATION(#875)SHAPE_REPRESENTATION_RELATIONSHIP()) ;
#889=(REPRESENTATION_RELATIONSHIP(' ',' ',#54,#44)REPRESENTATION_RELATIONSHIP_WITH_TRANSFORMATION(#890)SHAPE_REPRESENTATION_RELATIONSHIP()) ;
#904=(REPRESENTATION_RELATIONSHIP(' ',' ',#54,#44)REPRESENTATION_RELATIONSHIP_WITH_TRANSFORMATION(#905)SHAPE_REPRESENTATION_RELATIONSHIP()) ;
#1215=(REPRESENTATION_RELATIONSHIP(' ',' ',#916,#44)REPRESENTATION_RELATIONSHIP_WITH_TRANSFORMATION(#1216)SHAPE_REPRESENTATION_RELATIONSHIP()) ;
#1230=(REPRESENTATION_RELATIONSHIP(' ',' ',#916,#44)REPRESENTATION_RELATIONSHIP_WITH_TRANSFORMATION(#1231)SHAPE_REPRESENTATION_RELATIONSHIP()) ;
#1245=(REPRESENTATION_RELATIONSHIP(' ',' ',#916,#44)REPRESENTATION_RELATIONSHIP_WITH_TRANSFORMATION(#1246)SHAPE_REPRESENTATION_RELATIONSHIP()) ;
#1260=(REPRESENTATION_RELATIONSHIP(' ',' ',#916,#44)REPRESENTATION_RELATIONSHIP_WITH_TRANSFORMATION(#1261)SHAPE_REPRESENTATION_RELATIONSHIP()) ;
#1275=(REPRESENTATION_RELATIONSHIP(' ',' ',#916,#44)REPRESENTATION_RELATIONSHIP_WITH_TRANSFORMATION(#1276)SHAPE_REPRESENTATION_RELATIONSHIP()) ;
#1290=(REPRESENTATION_RELATIONSHIP(' ',' ',#916,#44)REPRESENTATION_RELATIONSHIP_WITH_TRANSFORMATION(#1291)SHAPE_REPRESENTATION_RELATIONSHIP()) ;
#1305=(REPRESENTATION_RELATIONSHIP(' ',' ',#916,#44)REPRESENTATION_RELATIONSHIP_WITH_TRANSFORMATION(#1306)SHAPE_REPRESENTATION_RELATIONSHIP()) ;
#1320=(REPRESENTATION_RELATIONSHIP(' ',' ',#916,#44)REPRESENTATION_RELATIONSHIP_WITH_TRANSFORMATION(#1321)SHAPE_REPRESENTATION_RELATIONSHIP()) ;
#1335=(REPRESENTATION_RELATIONSHIP(' ',' ',#916,#44)REPRESENTATION_RELATIONSHIP_WITH_TRANSFORMATION(#1336)SHAPE_REPRESENTATION_RELATIONSHIP()) ;
#1646=(REPRESENTATION_RELATIONSHIP(' ',' ',#1347,#44)REPRESENTATION_RELATIONSHIP_WITH_TRANSFORMATION(#1647)SHAPE_REPRESENTATION_RELATIONSHIP()) ;
#1661=(REPRESENTATION_RELATIONSHIP(' ',' ',#1347,#44)REPRESENTATION_RELATIONSHIP_WITH_TRANSFORMATION(#1662)SHAPE_REPRESENTATION_RELATIONSHIP()) ;
#1676=(REPRESENTATION_RELATIONSHIP(' ',' ',#1347,#44)REPRESENTATION_RELATIONSHIP_WITH_TRANSFORMATION(#1677)SHAPE_REPRESENTATION_RELATIONSHIP()) ;
#1691=(REPRESENTATION_RELATIONSHIP(' ',' ',#1347,#44)REPRESENTATION_RELATIONSHIP_WITH_TRANSFORMATION(#1692)SHAPE_REPRESENTATION_RELATIONSHIP()) ;
#1927=(REPRESENTATION_RELATIONSHIP(' ',' ',#1703,#44)REPRESENTATION_RELATIONSHIP_WITH_TRANSFORMATION(#1928)SHAPE_REPRESENTATION_RELATIONSHIP()) ;
#1942=(REPRESENTATION_RELATIONSHIP(' ',' ',#1703,#44)REPRESENTATION_RELATIONSHIP_WITH_TRANSFORMATION(#1943)SHAPE_REPRESENTATION_RELATIONSHIP()) ;
#1957=(REPRESENTATION_RELATIONSHIP(' ',' ',#1703,#44)REPRESENTATION_RELATIONSHIP_WITH_TRANSFORMATION(#1958)SHAPE_REPRESENTATION_RELATIONSHIP()) ;
#1972=(REPRESENTATION_RELATIONSHIP(' ',' ',#1703,#44)REPRESENTATION_RELATIONSHIP_WITH_TRANSFORMATION(#1973)SHAPE_REPRESENTATION_RELATIONSHIP()) ;
#1987=(REPRESENTATION_RELATIONSHIP(' ',' ',#1703,#44)REPRESENTATION_RELATIONSHIP_WITH_TRANSFORMATION(#1988)SHAPE_REPRESENTATION_RELATIONSHIP()) ;
#2002=(REPRESENTATION_RELATIONSHIP(' ',' ',#1703,#44)REPRESENTATION_RELATIONSHIP_WITH_TRANSFORMATION(#2003)SHAPE_REPRESENTATION_RELATIONSHIP()) ;
#2017=(REPRESENTATION_RELATIONSHIP(' ',' ',#1703,#44)REPRESENTATION_RELATIONSHIP_WITH_TRANSFORMATION(#2018)SHAPE_REPRESENTATION_RELATIONSHIP()) ;
#2032=(REPRESENTATION_RELATIONSHIP(' ',' ',#1703,#44)REPRESENTATION_RELATIONSHIP_WITH_TRANSFORMATION(#2033)SHAPE_REPRESENTATION_RELATIONSHIP()) ;
#2047=(REPRESENTATION_RELATIONSHIP(' ',' ',#1703,#44)REPRESENTATION_RELATIONSHIP_WITH_TRANSFORMATION(#2048)SHAPE_REPRESENTATION_RELATIONSHIP()) ;
#2062=(REPRESENTATION_RELATIONSHIP(' ',' ',#1703,#44)REPRESENTATION_RELATIONSHIP_WITH_TRANSFORMATION(#2063)SHAPE_REPRESENTATION_RELATIONSHIP()) ;
#2077=(REPRESENTATION_RELATIONSHIP(' ',' ',#515,#44)REPRESENTATION_RELATIONSHIP_WITH_TRANSFORMATION(#2078)SHAPE_REPRESENTATION_RELATIONSHIP()) ;
#2388=(REPRESENTATION_RELATIONSHIP(' ',' ',#2089,#44)REPRESENTATION_RELATIONSHIP_WITH_TRANSFORMATION(#2389)SHAPE_REPRESENTATION_RELATIONSHIP()) ;
#2699=(REPRESENTATION_RELATIONSHIP(' ',' ',#2400,#44)REPRESENTATION_RELATIONSHIP_WITH_TRANSFORMATION(#2700)SHAPE_REPRESENTATION_RELATIONSHIP()) ;
#2714=(REPRESENTATION_RELATIONSHIP(' ',' ',#2089,#44)REPRESENTATION_RELATIONSHIP_WITH_TRANSFORMATION(#2715)SHAPE_REPRESENTATION_RELATIONSHIP()) ;
#2729=(REPRESENTATION_RELATIONSHIP(' ',' ',#2400,#44)REPRESENTATION_RELATIONSHIP_WITH_TRANSFORMATION(#2730)SHAPE_REPRESENTATION_RELATIONSHIP()) ;
#2744=(REPRESENTATION_RELATIONSHIP(' ',' ',#2089,#44)REPRESENTATION_RELATIONSHIP_WITH_TRANSFORMATION(#2745)SHAPE_REPRESENTATION_RELATIONSHIP()) ;
#3055=(REPRESENTATION_RELATIONSHIP(' ',' ',#2756,#44)REPRESENTATION_RELATIONSHIP_WITH_TRANSFORMATION(#3056)SHAPE_REPRESENTATION_RELATIONSHIP()) ;
#3070=(REPRESENTATION_RELATIONSHIP(' ',' ',#2400,#44)REPRESENTATION_RELATIONSHIP_WITH_TRANSFORMATION(#3071)SHAPE_REPRESENTATION_RELATIONSHIP()) ;
#3085=(REPRESENTATION_RELATIONSHIP(' ',' ',#2089,#44)REPRESENTATION_RELATIONSHIP_WITH_TRANSFORMATION(#3086)SHAPE_REPRESENTATION_RELATIONSHIP()) ;
#3100=(REPRESENTATION_RELATIONSHIP(' ',' ',#2756,#44)REPRESENTATION_RELATIONSHIP_WITH_TRANSFORMATION(#3101)SHAPE_REPRESENTATION_RELATIONSHIP()) ;
#3115=(REPRESENTATION_RELATIONSHIP(' ',' ',#2400,#44)REPRESENTATION_RELATIONSHIP_WITH_TRANSFORMATION(#3116)SHAPE_REPRESENTATION_RELATIONSHIP()) ;
#3426=(REPRESENTATION_RELATIONSHIP(' ',' ',#3127,#44)REPRESENTATION_RELATIONSHIP_WITH_TRANSFORMATION(#3427)SHAPE_REPRESENTATION_RELATIONSHIP()) ;
#3441=(REPRESENTATION_RELATIONSHIP(' ',' ',#3127,#44)REPRESENTATION_RELATIONSHIP_WITH_TRANSFORMATION(#3442)SHAPE_REPRESENTATION_RELATIONSHIP()) ;
#3456=(REPRESENTATION_RELATIONSHIP(' ',' ',#3127,#44)REPRESENTATION_RELATIONSHIP_WITH_TRANSFORMATION(#3457)SHAPE_REPRESENTATION_RELATIONSHIP()) ;
#3471=(REPRESENTATION_RELATIONSHIP(' ',' ',#3127,#44)REPRESENTATION_RELATIONSHIP_WITH_TRANSFORMATION(#3472)SHAPE_REPRESENTATION_RELATIONSHIP()) ;
#3486=(REPRESENTATION_RELATIONSHIP(' ',' ',#3127,#44)REPRESENTATION_RELATIONSHIP_WITH_TRANSFORMATION(#3487)SHAPE_REPRESENTATION_RELATIONSHIP()) ;
#3501=(REPRESENTATION_RELATIONSHIP(' ',' ',#3127,#44)REPRESENTATION_RELATIONSHIP_WITH_TRANSFORMATION(#3502)SHAPE_REPRESENTATION_RELATIONSHIP()) ;
#3516=(REPRESENTATION_RELATIONSHIP(' ',' ',#3127,#44)REPRESENTATION_RELATIONSHIP_WITH_TRANSFORMATION(#3517)SHAPE_REPRESENTATION_RELATIONSHIP()) ;
#3531=(REPRESENTATION_RELATIONSHIP(' ',' ',#3127,#44)REPRESENTATION_RELATIONSHIP_WITH_TRANSFORMATION(#3532)SHAPE_REPRESENTATION_RELATIONSHIP()) ;
#3546=(REPRESENTATION_RELATIONSHIP(' ',' ',#3127,#44)REPRESENTATION_RELATIONSHIP_WITH_TRANSFORMATION(#3547)SHAPE_REPRESENTATION_RELATIONSHIP()) ;
#3561=(REPRESENTATION_RELATIONSHIP(' ',' ',#3127,#44)REPRESENTATION_RELATIONSHIP_WITH_TRANSFORMATION(#3562)SHAPE_REPRESENTATION_RELATIONSHIP()) ;
#3576=(REPRESENTATION_RELATIONSHIP(' ',' ',#3127,#44)REPRESENTATION_RELATIONSHIP_WITH_TRANSFORMATION(#3577)SHAPE_REPRESENTATION_RELATIONSHIP()) ;
#3591=(REPRESENTATION_RELATIONSHIP(' ',' ',#3127,#44)REPRESENTATION_RELATIONSHIP_WITH_TRANSFORMATION(#3592)SHAPE_REPRESENTATION_RELATIONSHIP()) ;
#3606=(REPRESENTATION_RELATIONSHIP(' ',' ',#3127,#44)REPRESENTATION_RELATIONSHIP_WITH_TRANSFORMATION(#3607)SHAPE_REPRESENTATION_RELATIONSHIP()) ;
#3621=(REPRESENTATION_RELATIONSHIP(' ',' ',#3127,#44)REPRESENTATION_RELATIONSHIP_WITH_TRANSFORMATION(#3622)SHAPE_REPRESENTATION_RELATIONSHIP()) ;
#3636=(REPRESENTATION_RELATIONSHIP(' ',' ',#3127,#44)REPRESENTATION_RELATIONSHIP_WITH_TRANSFORMATION(#3637)SHAPE_REPRESENTATION_RELATIONSHIP()) ;
#3651=(REPRESENTATION_RELATIONSHIP(' ',' ',#3127,#44)REPRESENTATION_RELATIONSHIP_WITH_TRANSFORMATION(#3652)SHAPE_REPRESENTATION_RELATIONSHIP()) ;
#3962=(REPRESENTATION_RELATIONSHIP(' ',' ',#3663,#44)REPRESENTATION_RELATIONSHIP_WITH_TRANSFORMATION(#3963)SHAPE_REPRESENTATION_RELATIONSHIP()) ;
#3977=(REPRESENTATION_RELATIONSHIP(' ',' ',#3663,#44)REPRESENTATION_RELATIONSHIP_WITH_TRANSFORMATION(#3978)SHAPE_REPRESENTATION_RELATIONSHIP()) ;
#4279=(REPRESENTATION_RELATIONSHIP(' ',' ',#3989,#44)REPRESENTATION_RELATIONSHIP_WITH_TRANSFORMATION(#4280)SHAPE_REPRESENTATION_RELATIONSHIP()) ;
#4294=(REPRESENTATION_RELATIONSHIP(' ',' ',#3989,#44)REPRESENTATION_RELATIONSHIP_WITH_TRANSFORMATION(#4295)SHAPE_REPRESENTATION_RELATIONSHIP()) ;
#4309=(REPRESENTATION_RELATIONSHIP(' ',' ',#3989,#44)REPRESENTATION_RELATIONSHIP_WITH_TRANSFORMATION(#4310)SHAPE_REPRESENTATION_RELATIONSHIP()) ;
#4324=(REPRESENTATION_RELATIONSHIP(' ',' ',#3989,#44)REPRESENTATION_RELATIONSHIP_WITH_TRANSFORMATION(#4325)SHAPE_REPRESENTATION_RELATIONSHIP()) ;
#4339=(REPRESENTATION_RELATIONSHIP(' ',' ',#3989,#44)REPRESENTATION_RELATIONSHIP_WITH_TRANSFORMATION(#4340)SHAPE_REPRESENTATION_RELATIONSHIP()) ;
#4354=(REPRESENTATION_RELATIONSHIP(' ',' ',#3989,#44)REPRESENTATION_RELATIONSHIP_WITH_TRANSFORMATION(#4355)SHAPE_REPRESENTATION_RELATIONSHIP()) ;
#4369=(REPRESENTATION_RELATIONSHIP(' ',' ',#3989,#44)REPRESENTATION_RELATIONSHIP_WITH_TRANSFORMATION(#4370)SHAPE_REPRESENTATION_RELATIONSHIP()) ;
#4384=(REPRESENTATION_RELATIONSHIP(' ',' ',#3989,#44)REPRESENTATION_RELATIONSHIP_WITH_TRANSFORMATION(#4385)SHAPE_REPRESENTATION_RELATIONSHIP()) ;
ENDSEC;
END-ISO-10303-21;
